release_id,ocid,title,buyer_name,notice_tags,tender_status,value_amount,value_currency,deadline,classification_scheme,cpv_code,category_description,opportunity_status,is_it
896928d1-1221-45c4-9a9a-10e365f2415a-916235,ocds-b5fd17-7cff95b2-8db4-4fba-af3d-85d7502af4ad,DDaT26420 - EnCIC Automated Threat Sharing Service (EATSS),DESNZ,award,complete,136850,GBP,2026-09-10T11:00:00+01:00,CPV,48732000,Data security software package,award_notice,True
39e5be7c-44a6-4221-9788-9216b7c75bda-916231,ocds-b5fd17-11ffbe61-03ef-4e92-a283-ccd44c1006ac,ITT For Project 10189689,Innovate UK,award,complete,1400,GBP,2026-03-31T17:00:00+01:00,CPV,79421100,Project-supervision services other than for construction work,award_notice,False
d00df7dc-4738-4a6a-a051-dd6c0325c81d-914688,ocds-b5fd17-9deee774-ed10-4db5-bc83-14fbe65c8128,Supported Living Care and Support - Call-Off from BMC1227 Framework -Awarded to The Wilf Ward Family Trust,EAST RIDING OF YORKSHIRE COUNCIL,award,complete,50190.4,GBP,2026-08-01T12:00:00+01:00,CPV,85000000,Health and social work services,award_notice,False
26a2b093-8874-4673-a737-c3546a2ecbd8-916230,ocds-b5fd17-8a782e20-7998-47f7-9c74-8d806bb829df,ITT for project 83036421,UK RESEARCH & INNOVATION,award,complete,8960,GBP,2026-04-10T17:00:00+01:00,CPV,79421100,Project-supervision services other than for construction work,award_notice,False
a5c85207-994d-4640-96f7-8f0392c4025c-916228,ocds-b5fd17-ae3f425c-211d-4e27-a01d-0aa8ffe08861,ITT For Project 10189353,Innovate UK,award,complete,1095,GBP,2026-03-31T17:00:00+01:00,CPV,79421100,Project-supervision services other than for construction work,award_notice,False
f9572ec0-315e-4804-8304-e3d535dfbac7-916227,ocds-b5fd17-1696884e-6c49-4938-afe1-a5096c6113c7,ITT for project 10193811,UK RESEARCH & INNOVATION,award,complete,2570,GBP,2026-05-07T17:00:00+01:00,CPV,79421100,Project-supervision services other than for construction work,award_notice,False
61d7a2bf-aade-4f2a-8cd5-aa44fcf284a1-916226,ocds-b5fd17-6742a51d-031c-4627-975c-6342824dbfc6,ITT For Project 10189306 and 10191119,Innovate UK,award,complete,2175,GBP,2026-03-31T17:00:00+01:00,CPV,79421100,Project-supervision services other than for construction work,award_notice,False
21fe69c2-1aae-4868-a78b-b12d308222e6-916225,ocds-b5fd17-6e5fad6a-084a-4836-bda8-16b32af2d881,DSA - Supply of Self Contained Breathing Apparatus (SCBA),Doncaster Metropolitan Borough Council,award,complete,,,2026-08-03T12:00:00+01:00,CPV,35110000,"Firefighting, rescue and safety equipment",award_notice,False
27067016-3136-4fee-9f0f-cb16a5d4e4b0-916223,ocds-b5fd17-ff41953b-5449-47a3-af19-13606971b508,ITT for project 10193693,UK RESEARCH & INNOVATION,award,complete,4000,GBP,2026-05-07T17:00:00+01:00,CPV,79421100,Project-supervision services other than for construction work,award_notice,False
8908f11c-4d0b-43b6-991e-285294f2a858-916222,ocds-b5fd17-9e11aa9b-728b-47de-a141-4f3d95b58757,ITT For Project 10190672,Innovate UK,award,complete,1396,GBP,2026-03-31T17:00:00+01:00,CPV,79421100,Project-supervision services other than for construction work,award_notice,False
36cd1b59-e124-4ea6-98f9-44d4b51c65bf-915990,ocds-b5fd17-83c9ea0c-6d7c-43a4-8641-e6c5e860a89b,DDaT26441 - Enterprise data storage platform support,UK SHARED BUSINESS SERVICES LIMITED,award,complete,98386.24,GBP,2026-09-22T11:00:00+01:00,CPV,48820000,Servers,award_notice,True
af1887a8-87e3-4572-948c-ca1edc049b15-916219,ocds-b5fd17-53917f89-3293-498e-a247-5e3bb824a194,Demolition of Former Morpeth Riverside Leisure Centre,Northumberland County Council,award,complete,127779.27,GBP,2026-05-04T12:00:00+01:00,CPV,45000000,Construction work,award_notice,False
d19a9200-ffab-49f1-afdf-925bf1884659-916220,ocds-b5fd17-b32a5375-4fa8-41bf-9f0d-231db87a13b2,ITT for project 10191903,UK RESEARCH & INNOVATION,award,complete,3625,GBP,2026-05-07T17:00:00+01:00,CPV,79421100,Project-supervision services other than for construction work,award_notice,False
20d14332-2e37-4c5c-b58b-8a5f5009115a-916217,ocds-b5fd17-08403dc2-50b0-4eec-8059-55d32c53cde4,Phase 2 Salesforce improvements- Access intergration,Government Actuary's Department,award,complete,115635,GBP,2026-10-02T16:00:00+01:00,CPV,72266000,Software consultancy services,award_notice,True
c0d9701d-1cf5-424d-b9a4-6e35c0d9a2bd-916221,ocds-b5fd17-0850d7cf-da5a-4514-b1e9-1bb02318eed5,"QWE069 0900 2026-10-01 Ipswich to East Coast Adventures, Woodbridge (4-seater) - AWARD",Suffolk County Council Passenger Transport,award,complete,,,2026-10-01T09:00:00+01:00,CPV,60000000,Transport services (excl. Waste transport),award_notice,False
c11e5ee3-b72e-491f-9dbc-bf36538026b4-916216,ocds-b5fd17-81923f84-edce-4d51-b929-f6570866626d,"ITT for projects 10191987, 10191623 and 10192875",UK RESEARCH & INNOVATION,award,complete,8215,GBP,2026-05-07T17:00:00+01:00,CPV,79421100,Project-supervision services other than for construction work,award_notice,False
e7a38a18-d1d2-4d4c-aa33-b306cfadfdb2-916218,ocds-b5fd17-35a0dc31-4d66-417d-a3c4-2f794424a866,NHS PS Transfer Estates Support,Northumbria Healthcare Facilities Management,award,complete,234399,GBP,2026-07-31T12:00:00+01:00,CPV,75100000,Administration services,award_notice,False
7d8451ea-5219-4ad9-bd04-60834d07a5e5-916215,ocds-b5fd17-fb1ac949-b739-46f0-abd9-36b2e9f49c3a,ITT For Project 10193212,Innovate UK,award,complete,1532,GBP,2026-03-31T17:00:00+01:00,CPV,79421100,Project-supervision services other than for construction work,award_notice,False
fede1c40-9c33-44bf-87f4-1978b1c02a23-916214,ocds-b5fd17-8e6ae211-7a27-4dc3-a5fb-b81b67111b80,ITT For Project 10191590,Innovate UK,award,complete,1532,GBP,2026-03-31T17:00:00+01:00,CPV,79421100,Project-supervision services other than for construction work,award_notice,False
541bfa44-466d-4b8e-a8cf-d905fb00b230-916213,ocds-b5fd17-828afc4d-1a25-4cc4-b3e4-4894ea6a64d4,Ratton School Specialist Base - Quantity Surveyor Consultancy Services,East Sussex County Council,awardUpdate,complete,37501.67,GBP,2026-09-18T16:00:00+01:00,CPV,71315200,Building consultancy services,award_notice,False
ef5b3e7d-3044-4889-bca0-728960f49d75-916210,ocds-b5fd17-c02ede96-d970-4467-8c2c-fd519febe403,ITT For Project 10191345,Innovate UK,award,complete,2000,GBP,2026-03-31T17:00:00+01:00,CPV,79421100,Project-supervision services other than for construction work,award_notice,False
541bfa44-466d-4b8e-a8cf-d905fb00b230-916204,ocds-b5fd17-828afc4d-1a25-4cc4-b3e4-4894ea6a64d4,Ratton School Specialist Base - Quantity Surveyor Consultancy Services,East Sussex County Council,award,complete,75412.5,GBP,2026-09-18T16:00:00+01:00,CPV,71315200,Building consultancy services,award_notice,False
1966c582-ad04-479b-971e-9ee9536fba5c-916211,ocds-b5fd17-cbc5631a-58c1-43db-a969-29796eacd708,Print Services,Nottinghamshire County Council,award,complete,440000,GBP,2026-08-31T23:59:00+01:00,CPV,30000000,"Office and computing machinery, equipment and supplies except furniture and software packages",award_notice,False
5745ebfb-0da0-439e-870a-9be947ae43e3-916209,ocds-b5fd17-e9f0e34d-9490-4e54-9e10-119321a7c93c,Disaster Recovery CiContinuity - Ship to Site Support,CITIZEN HOUSING GROUP LIMITED,award,complete,90000,GBP,2026-05-01T12:00:00+01:00,CPV,72251000,Disaster recovery services,award_notice,True
6514b996-d8dc-4143-b24a-db461f266294-916208,ocds-b5fd17-c8f20f8e-9fd0-4b26-a932-053916402996,Vehicle Purchase - September 2026,Lancashire Constabulary,award,complete,19544.27,GBP,2026-08-26T12:00:00+01:00,CPV,34100000,Motor vehicles,award_notice,False
36784e3d-f5c7-4975-9265-afd8c2de09d3-916207,ocds-b5fd17-478619ba-d796-4894-8695-0b863a8e505f,PDF Framework - M6 Whittingham Lane NB,National Highways Limited,award,complete,171023.4,GBP,2026-09-01T12:00:00+01:00,CPV,45233210,Surface work for highways,award_notice,False
5e869275-6e4a-425f-9e8f-cf824f4141d5-916203,ocds-b5fd17-aa5568f1-3e8a-45d4-88f8-b74cf6e5e87b,"QBE046 09:00 2026-10-01 Martlesham to Sir Peter Hall School, Bury St Edmunds - 4-seater vehicle and a Female Passenger Assistant required - AWARD",Suffolk County Council Passenger Transport,award,complete,,,2026-10-01T09:00:00+01:00,CPV,60000000,Transport services (excl. Waste transport),award_notice,False
b9747333-1b24-4edc-ab1b-297c93d2b1aa-916202,ocds-b5fd17-d8f8c702-7a71-4bb6-b5d0-0e37dd5f290b,CP2825-26b Wheelchair Accessible Buses,Devon County Council,tender,active,468234,GBP,2026-10-01T13:25:00+01:00,CPV,34114000,Specialist vehicles,review_needed,False
14a80717-447d-4383-a12e-c0f6351057c5-915441,ocds-b5fd17-5d779274-0ec5-4c82-80f7-3bb65f2631dc,LSEG Market Data Research,BANK OF ENGLAND,award,complete,20409156,GBP,2023-09-18T17:00:00+01:00,CPV,79310000,Market research services,award_notice,False
f5d315a2-bc6c-4f8f-b77e-57d15b626a00-915446,ocds-b5fd17-d1900731-9460-48ce-b870-93bf53e7368f,LSEG Market Data Research - Supplementary services,BANK OF ENGLAND,award,complete,920463.9,GBP,2023-12-18T17:00:00Z,CPV,79310000,Market research services,award_notice,False
81b04550-a6f0-453f-b186-cf17123c7500-916201,ocds-b5fd17-f41fe002-2dda-4cf6-9567-058b7af5a664,Contract for consultancy for Neighbourhood Board to development Pride in Place plans,Redditch Borough Council,award,complete,,,2026-09-30T23:59:00+01:00,CPV,71300000,Engineering services,award_notice,False
20e7815b-3019-4a33-b7a3-069d18bce38d-916199,ocds-b5fd17-283986a0-ffff-4ecb-8b8e-15b9088aa19d,"HPFT - Renewal of Insurance Policies-Liability, Motor Fleet & Property",West Hertfordshire Teaching Hospitals NHS Trust,award,complete,185000,GBP,2026-06-25T12:00:00+01:00,CPV,66518100,Insurance brokerage services,award_notice,False
5c21f2a0-fe6c-4d3a-ba26-77e25fda1ef8-916198,ocds-b5fd17-52cd9374-afff-45b1-9e2c-baa4c5b88642,Draeger Babylog ventilators x 5,Hull University Teaching Hospitals NHS Foundation Trust,award,complete,180532.9,GBP,2026-09-30T12:00:00+01:00,CPV,39714100,Ventilators,award_notice,False
e82fbe33-9a95-4a4f-942e-2628217239ed-916197,ocds-b5fd17-8830a5f9-6ad2-4070-bd79-68a9ffd2d844,CP2825-26a Wheelchair Accessible People Carriers,Devon County Council,award,complete,306330,GBP,2026-10-01T12:35:00+01:00,CPV,34114000,Specialist vehicles,award_notice,False
935cb8c0-b11d-4f46-adda-835345528af8-916196,ocds-b5fd17-5f738e65-69e8-4e75-9c2d-1f55a71f3d47,Finance System Solution,Colchester City Council,award,complete,576000,GBP,2026-08-28T00:00:00+01:00,CPV,66172000,Financial transaction processing and clearing-house services,award_notice,False
704dbab1-c0da-4f9c-be4f-c56c62daf2f7-916195,ocds-b5fd17-22e759ea-5495-4de1-9a52-b33be9d5ecb3,Call off Contract Under Prison Education Dynamic Purchasing System for Literacy Support for Prisoners at HMP Exeter,Ministry of Justice,award,complete,14398,GBP,2026-08-19T15:00:00+01:00,CPV,80000000,Education and training services,award_notice,False
05942444-cfbf-487e-8cac-9c4c1175dd6d-916194,ocds-b5fd17-f47f05ca-c8b4-4d9d-ad4a-016bf7532971,FCDO British Embassy San Jose Costa Rica Project RIBA Stage 4 Design Peer Review,Foreign Commonwealth and Development Office,award,complete,,,2025-06-03T17:00:00+01:00,CPV,71241000,"Feasibility study, advisory service, analysis",award_notice,False
0a25d444-7465-4e2f-b663-2a6069c78a8e-916188,ocds-b5fd17-a9c2cf92-72df-49be-8e56-809706f20ae0,Figma  Renewal 2026,Office for National Statistics,award,complete,34113.98,GBP,2026-08-19T12:00:00+01:00,CPV,30237300,Computer supplies,award_notice,True
d613f421-a0a9-441e-ac80-878c79571460-916193,ocds-b5fd17-ff8fa0fa-2226-47c0-ac0a-dba8b63c9885,NPIS - BT Cloud Contract,UK Health Security Agency,award,complete,58737.6,GBP,2026-09-29T12:00:00+01:00,CPV,48333000,Contact management software package,award_notice,True
f7fce0b4-1f3e-4c9c-9e6a-140634fdf04d-916126,ocds-b5fd17-3ff86939-91a9-43b0-b821-2d7f7436d06b,RPA Vendor Support,DEPARTMENT FOR ENVIRONMENT FOOD & RURAL AFFAIRS,award,complete,560000,GBP,2026-09-17T10:00:00+01:00,CPV,72000000,"IT services: consulting, software development, Internet and support",award_notice,True
446f9460-37b9-42fd-be53-c0b3821f1404-916192,ocds-b5fd17-e7971830-fc52-457a-a81e-d2733da4a1a6,WSFT - Pathology - Bloodtrack software support,West Suffolk NHS Foundation Trust,award,complete,20651.7,GBP,2026-09-17T12:00:00+01:00,CPV,85111800,Pathology services,award_notice,False
a4822faa-d808-4801-b5b8-2fe47431a3e8-916191,ocds-b5fd17-3873957f-f62d-40f0-b3b2-6a153924d6d9,Web Hosting Contract 2024,Wirral Borough Council,award,complete,62800,GBP,2024-01-25T12:00:00Z,CPV,72000000,"IT services: consulting, software development, Internet and support",award_notice,True
75e4d461-daa8-4bbd-9e31-757307c4174a-916190,ocds-b5fd17-35f1dcd0-14a1-4ff1-aa66-93a7ff673cfd,Call off Contract Under Prison Education Dynamic Purchasing System for Creative Reading Events for Prisoners at HMP Elmley,Ministry of Justice,award,complete,12265,GBP,2026-09-18T15:00:00+01:00,CPV,80000000,Education and training services,award_notice,False
82fdf64c-4544-4ec9-bdc2-a3a888759ad1-916189,ocds-b5fd17-77ecacd1-729b-4d77-88ac-6f804b22a395,021009 - Knowsley Village Recreation Ground Play Area Development Project,Knowsley Council,award,complete,55000,GBP,2026-06-18T12:00:00+01:00,CPV,45000000,Construction work,award_notice,False
bd66860a-e348-49f9-9667-272fdaedbdf0-916184,ocds-b5fd17-ab80328f-b013-4018-8c19-3e3d00759cf7,Multifunctional Devices,UNIVERSITY OF EAST ANGLIA,award,complete,458603,GBP,2026-09-30T12:00:00+01:00,CPV,30120000,Photocopying and offset printing equipment,award_notice,False
8e6fceed-dbf5-471b-bbec-2d2b913a9b7d-916187,ocds-b5fd17-9d004a41-6ce8-490c-924c-1c455226ff71,APHA CapEx: Luminex xMAP INTELLIFLEX DR-SE Analyser,Animal and Plant Health Agency,award,complete,120655.67,GBP,2026-09-01T12:00:00+01:00,CPV,38000000,"Laboratory, optical and precision equipments (excl. glasses)",award_notice,False
35deb4aa-9b25-42e7-a040-ad1742f52335-916186,ocds-b5fd17-810ed04c-fff5-43d6-b71b-96b30b383196,"QHL123 09:00 2026-10-01 Sudbury to Sunflower SEND Hub, Haverhill & Circles Alternative Education, East Bergholt, - 4-seater vehicle and a Passenger Assistant required - AWARD",Suffolk County Council Passenger Transport,award,complete,,,2026-10-01T09:00:00+01:00,CPV,60000000,Transport services (excl. Waste transport),award_notice,False
10012254-df2a-4f24-8ec0-70fcf44471dd-916185,ocds-b5fd17-d2f21870-75de-4915-9690-c7d53e0da8bc,SE1231 - Activity Check-In Qualitative,Sport England,award,complete,300000,GBP,2026-02-16T12:00:00Z,CPV,73110000,Research services,award_notice,False
ebbf27da-2cc3-48e4-ba44-865245484031-916183,ocds-b5fd17-6a377aaf-fd63-4ba7-b707-450e2bf3f5e1,Arboricultural services - Tree planting and post planting maintenance,London Borough Of Islington,award,complete,,,2026-09-23T02:00:00+01:00,CPV,50000000,Repair and maintenance services,award_notice,False
de935f59-fbda-4f9a-83b8-757440d2d126-916182,ocds-b5fd17-41d735f9-e33e-4f20-9ead-1e527c7bea3a,Arboricultural services - Tree planting and post planting maintenance,London Borough Of Islington,award,complete,,,2026-09-23T02:14:00+01:00,CPV,50000000,Repair and maintenance services,award_notice,False
3f00f81e-c9cd-4058-a23f-2946bc2505e2-916181,ocds-b5fd17-126bb42d-2e5c-42e5-a116-4886ec0d7124,Arboricultural services - Tree planting and post planting maintenance,London Borough Of Islington,award,complete,,,2026-09-23T02:00:00+01:00,CPV,50000000,Repair and maintenance services,award_notice,False
76c28286-39c3-4dcb-b9e8-f62bf738e878-916180,ocds-b5fd17-ed323b87-eebb-4ca5-be0b-873f6fe022b2,Arboricultural services - Tree planting and post planting maintenance,London Borough Of Islington,award,complete,,,2026-09-19T01:35:00+01:00,CPV,50000000,Repair and maintenance services,award_notice,False
6606bee0-3152-4196-a332-8ea93d818f72-916179,ocds-b5fd17-3404f195-c45f-4e61-8798-415a043bbf72,Arboricultural services - Tree planting and post planting maintenance,London Borough Of Islington,award,complete,,,2026-09-23T02:00:00+01:00,CPV,50000000,Repair and maintenance services,award_notice,False
fc017c9f-0e8c-4966-94aa-b56bf6b6b2db-916178,ocds-b5fd17-ef578710-0a53-4095-8743-cc3c4e957fff,Arboricultural services - Tree planting and post planting maintenance,London Borough Of Islington,award,complete,,,2026-09-23T02:00:00+01:00,CPV,50000000,Repair and maintenance services,award_notice,False
f0cd573a-10bc-4150-88db-9a0aa84d5fd2-916177,ocds-b5fd17-3aef7044-2ef7-4982-988a-cf56f937640b,Arboricultural services - Tree planting and post planting maintenance,London Borough Of Islington,award,complete,,,2026-09-23T02:00:00+01:00,CPV,50000000,Repair and maintenance services,award_notice,False
0d2e63a2-b984-44e9-b864-812399b61e81-916176,ocds-b5fd17-906492dc-0b42-4e8c-9879-ef5f0a3fbcdc,DHSC: MSK HUBS,Department of Health and Social Care,award,complete,20000,GBP,2026-08-18T12:00:00+01:00,CPV,79100000,Legal services,award_notice,False
02f733a5-6ce2-4875-ba26-f294518bc9d5-916175,ocds-b5fd17-191f0de7-030b-469a-a8c6-7855952b9270,ID: 37356 - KEYHAM LODGE SCHOOL,Leicester City Council,award,complete,23517,GBP,2026-10-01T09:00:00+01:00,CPV,60120000,Taxi services,award_notice,False
78975d5d-bada-4996-b88b-1b396a7e79ab-916174,ocds-b5fd17-eb2714aa-ab0e-499d-8d1e-0085ac5e519b,Transcription tool for Childrens services,Milton Keynes Council,award,complete,87500,GBP,2026-09-29T17:00:00+01:00,CPV,48218000,License management software package,award_notice,True
820cfae0-f23a-474d-b750-602dec49ed47-916173,ocds-b5fd17-bedba8e4-77b1-47c6-8f69-026c5dc746c2,ITT For Project 10189590,Innovate UK,award,complete,2000,GBP,2026-03-31T17:00:00+01:00,CPV,79421100,Project-supervision services other than for construction work,award_notice,False
57fe9bcd-d9dd-4238-a256-28e1d892751b-916171,ocds-b5fd17-55461758-2294-46d2-892a-5ccca4d2b89b,SE1232 - Activity Check-In Quantitative Survey Services,Sport England,award,complete,300000,GBP,2026-02-13T12:00:00Z,CPV,73110000,Research services,award_notice,False
afaeb174-0015-4426-abcb-a3133c4cfd46-916170,ocds-b5fd17-b09fdf45-800d-4f98-b1ad-82687ce146c3,ACORN GEODEMOGRAPHICS TOOL,Wirral Borough Council,tender,active,77217,GBP,2026-09-25T12:00:00+01:00,CPV,72000000,"IT services: consulting, software development, Internet and support",review_needed,True
61a08512-fd3b-4c0e-b728-cee723e424cb-916167,ocds-b5fd17-a7a3cf1b-0126-465c-89b8-b6d7a9c62552,LBH21061 - Greener Homes Initiative 26/27 - Phase 6,London Borough of Hillingdon,award,complete,513548.4,GBP,2026-06-21T12:00:00+01:00,CPV,45000000,Construction work,award_notice,False
803b6501-7899-4a54-ab8a-cc829e11df50-916169,ocds-b5fd17-5542f47a-8eb2-4240-bcd4-57b6ea24598a,HAR6173: Health & Housing IT System Replacement,Tower Hamlets,award,complete,200000,GBP,2026-05-15T17:00:00+01:00,CPV,72000000,"IT services: consulting, software development, Internet and support",award_notice,True
9b56a2ee-090d-420d-ac80-b329a246d27b-916168,ocds-b5fd17-cb235874-f128-4b96-815c-a85d639976e4,Pensions Reform Readiness Survey,The Pensions Regulator,award,complete,81690,GBP,2026-08-25T12:00:00+01:00,CPV,79315000,Social research services,award_notice,False
5fbab312-11e1-4a48-a41a-40f9ae0da7c8-916162,ocds-b5fd17-6cef6805-e5e5-4400-a1c3-98b316837b67,Employers Applicant Background Screening,SOMERSET COUNCIL,award,complete,140000,GBP,2026-09-30T12:00:00+01:00,CPV,48000000,Software package and information systems,award_notice,True
c88f232c-956a-4b22-a98b-d5d8a70e1a59-916166,ocds-b5fd17-8b85db1b-3672-45ac-9f46-6a748400897f,QLT334 2026-09-30 (0900) Beccles - Include Lowestoft (4 seats and a PA) - AWARD,Suffolk County Council Passenger Transport,award,complete,,,2026-09-30T09:00:00+01:00,CPV,60000000,Transport services (excl. Waste transport),award_notice,False
ebcf109a-1d97-48b2-8593-ac21c167a5fe-916145,ocds-b5fd17-f31f1d03-0d8a-41d3-80b4-e093f9654e12,St Marks - Dental Practice - Main Works,University of Lincoln,award,complete,2080000,GBP,2026-07-01T11:00:00+01:00,CPV,45453100,Refurbishment work,award_notice,False
a349e126-31c0-48f7-83c8-059f45a2545c-916164,ocds-b5fd17-093973c4-7c79-49e4-bd5d-483a1146ebf5,LBH21060 - Greener Homes Initiative 26/27 - Phase 5,London Borough of Hillingdon,award,complete,527874.25,GBP,2026-06-17T12:00:00+01:00,CPV,45000000,Construction work,award_notice,False
fa3e3e23-8d47-4bd3-b06e-8dec0cdaac2a-916115,ocds-b5fd17-6524ef84-2cd4-409c-8c86-859acda41c32,DSA - Specialist PPE for Fire Fighters,Doncaster Metropolitan Borough Council,award,complete,,,2026-07-02T12:00:00+01:00,CPV,35111000,Firefighting equipment,award_notice,False
a105df7b-39a1-41c5-8504-7a47ab4fab1f-916161,ocds-b5fd17-a27c7014-b4be-433c-be30-d4cc3047792a,Tarmac Call Offs,Staffordshire County Council,award,complete,6500000,GBP,2022-12-22T12:00:00Z,CPV,14213200,Tarmac,award_notice,False
d55cfe85-5392-42f1-a682-77f8dcc13178-916160,ocds-b5fd17-117f65df-fb1c-4e14-9e9d-de468822f483,SECAmb - Decommissioned IT Devices and Equipment Call-Off,South East Coast Ambulance Service NHS Foundation Trust,award,complete,22000,GBP,2026-07-01T12:00:00+01:00,CPV,98391000,Decommissioning services,award_notice,False
9fc13b10-648f-4209-ab7c-575be6fc76ab-916157,ocds-b5fd17-10972613-8329-4975-b508-39f6e3a11abc,LBH21059 - Greener Homes Initiative26/27 - Phase 4,London Borough of Hillingdon,award,complete,541535.28,GBP,2026-06-17T12:00:00+01:00,CPV,45000000,Construction work,award_notice,False
ae248198-b286-42ac-bf0d-02af498cdc7b-916156,ocds-b5fd17-ded57999-0f8d-4844-97c6-2a86964d01f7,Maintained Schools Web Filtering Solution via the NHSSBS DWS2,Durham County Council,award,complete,,,2026-09-01T12:00:00+01:00,CPV,72000000,"IT services: consulting, software development, Internet and support",award_notice,True
e60c579f-a468-43a7-aee1-531eddd6da46-916159,ocds-b5fd17-e2ae6623-0dc1-4f36-bdf3-5cc8f4b9dac9,Network Switching Refresh,SUSSEX PARTNERSHIP NHS FOUNDATION TRUST,award,complete,833331.82,GBP,2026-09-21T12:00:00+01:00,CPV,32424000,Network infrastructure,award_notice,False
c71cd7f7-d4f3-4639-b0a2-0ca3bc7ae515-916158,ocds-b5fd17-bb69f7ce-8710-4230-b5a8-e531c9f78d85,Rezum Generator and Delivery Device Consumables,Bradford Teaching Hospitals NHS Foundation Trust,award,complete,212310,GBP,2026-09-23T12:00:00+01:00,CPV,33100000,Medical equipments,award_notice,False
65aa5b9e-48b3-4b82-9bba-f89fff0d049d-916150,ocds-b5fd17-124dafd3-81b2-417d-b158-581d22d8f449,Call-Off Contract for Access Core+ CCIS & Youth Justice System,SUFFOLK COUNTY COUNCIL,award,complete,280000,GBP,2026-09-28T00:00:00+01:00,CPV,72000000,"IT services: consulting, software development, Internet and support",award_notice,True
4d014d3e-ce44-4399-82b9-0fe13ea4e8d1-916155,ocds-b5fd17-37a02f97-bb85-4fd9-b296-62d539473925,DDaT26266 - Data Analytics and Processing Platform,ICS on behalf of DSIT and DESNZ,awardUpdate,complete,118560,GBP,2026-09-07T11:00:00+01:00,CPV,48810000,Information systems,award_notice,True
e813c9d2-6716-4739-8a91-e65337908a40-916153,ocds-b5fd17-f551f585-2e93-4842-a4f5-45927196bb23,Monitoring and Evaluation,UK HYDROGRAPHIC OFFICE,award,complete,118018,GBP,2026-09-11T17:00:00+01:00,CPV,79419000,Evaluation consultancy services,award_notice,False
d722b490-6936-44d7-99ac-6983b892468a-916152,ocds-b5fd17-7f066584-2225-4136-b37f-2d05e4ed113b,HPFT - Zivver Secure Communications,Hertfordshire Partnership Foundation NHS Trust,award,complete,82000,GBP,2026-06-01T12:00:00+01:00,CPV,48517000,IT software package,award_notice,True
518af56c-9ff6-4436-bc6d-954d6a7028bf-916149,ocds-b5fd17-e7c534df-b53d-400d-83d8-6acc5466dcf0,Shields for Response,Sussex Police,award,complete,37638.83,GBP,2026-07-31T12:00:00+01:00,CPV,35811200,Police uniforms,award_notice,False
25f22e19-54c3-460c-a63a-125e3d97654e-916151,ocds-b5fd17-c1f0ef50-4e32-4f82-87bf-1d6902fbd344,715948485 Alexander Barracks Demolitions Work Package,Ministry of Defence,award,complete,988338,GBP,2026-09-16T17:00:00+01:00,CPV,45111000,"Demolition, site preparation and clearance work",award_notice,False
3f05aa1e-7282-4990-bc92-c9d627501776-916147,ocds-b5fd17-9051a930-e877-4fe1-a495-4bff49b27201,ITT For Project 10185277,Innovate UK,award,complete,3765,GBP,2026-04-27T17:00:00+01:00,CPV,79421100,Project-supervision services other than for construction work,award_notice,False
dfd7e71b-ff44-490e-9324-66784a1a832a-916148,ocds-b5fd17-ba515957-9d7f-43b0-951d-83f3c912fcae,Money and Pensions Service - Workforce Solutions,Money and Pensions Service,awardUpdate,complete,5000000,GBP,2025-01-30T17:00:00Z,CPV,79620000,Supply services of personnel including temporary staff,award_notice,False
7da92976-5795-418e-9e17-046ccd4cc1ff-916144,ocds-b5fd17-0c4da6e5-6c72-40f2-ab70-5fcdef828be0,ITT For Project 10188489,Innovate UK,award,complete,3272,GBP,2026-04-27T17:00:00+01:00,CPV,79421100,Project-supervision services other than for construction work,award_notice,False
b0c43e41-3a4f-4b8b-b21b-b9ccec4a1b1b-916142,ocds-b5fd17-04856a60-856a-4e99-8e35-abad5b41950e,PDF Framrwork - SDF - Rapid Response - Tranche 1,National Highways Limited,award,complete,2276094.55,GBP,2026-09-01T12:00:00+01:00,CPV,45233210,Surface work for highways,award_notice,False
7796a7b6-b638-4627-a7aa-0a499d15c0b6-916141,ocds-b5fd17-a254298c-5c93-455b-b589-4e3ffafd84ab,"ITT For Projects 10184139, 10184240, and 10183696",Innovate UK,award,complete,9203,GBP,2026-04-27T17:00:00+01:00,CPV,79421100,Project-supervision services other than for construction work,award_notice,False
ba6e303b-8a3d-40fb-891b-be9ad223afcd-916140,ocds-b5fd17-aa8836d9-6c71-4e1e-92ea-83383a5c8766,"QIP468 0900 2026-09-30 Bawdsey - Piper's vale academy, Ipswich (4-seated vehicle and a PA required) - AWARD",Suffolk County Council Passenger Transport,award,complete,,,2026-09-30T09:00:00+01:00,CPV,60000000,Transport services (excl. Waste transport),award_notice,False
83e268ae-2629-4800-8e88-a716e4b8a678-916139,ocds-b5fd17-05b12c6b-2f71-48f8-abb8-118d9e98f2cc,Provision of a System for Homes for Ukraine,Lincolnshire County Council,award,complete,,,2026-05-17T09:00:00+01:00,CPV,48611000,Database software package,award_notice,True
605f443d-61c5-45c4-8758-9feb113159d1-916138,ocds-b5fd17-bf71d8fb-b621-4c26-a74c-7fb6312d0301,PDF Framework - Area 4 Rapid Response,National Highways Limited,award,complete,171023.4,GBP,2026-08-28T12:00:00+01:00,CPV,45233210,Surface work for highways,award_notice,False
9c7018ae-8995-4659-be67-f4c64fcab361-916136,ocds-b5fd17-d927b2c3-d49e-46c2-b7c1-cf7bd806546d,ITT For Project 10185243,Innovate UK,award,complete,3400,GBP,2026-04-27T17:00:00+01:00,CPV,79421100,Project-supervision services other than for construction work,award_notice,False
29553238-4083-4883-8401-83ab4610f18b-914796,ocds-b5fd17-c66f7596-a125-4fb4-815d-dae621cfdf52,"CPU 8307 - Server Hardware, Networking Modules and IBM/Brocade FC Port Licences",NOTTINGHAM CITY COUNCIL,award,complete,1475627,GBP,2026-07-13T12:00:00+01:00,CPV,48820000,Servers,award_notice,True
bf4dc302-d9bc-4942-9706-c246b1ee8837-916135,ocds-b5fd17-bd84a4ff-3590-4536-90aa-9a9607ac4723,ITT For Project 10184956 and 10188036,Innovate UK,award,complete,6350,GBP,2026-04-27T17:00:00+01:00,CPV,79421100,Project-supervision services other than for construction work,award_notice,False
8f104c1d-f40c-4d4f-aa5a-2a5b3a678ff8-916133,ocds-b5fd17-29d2cb80-895b-42c4-b0d3-f4dec0b2a5e3,ITT For Project 10185824,Innovate UK,award,complete,3075,GBP,2026-04-27T17:00:00+01:00,CPV,79421100,Project-supervision services other than for construction work,award_notice,False
18b1d9a9-ba32-4cac-bc6d-ec1cee1d0801-916132,ocds-b5fd17-7f717d6f-6f98-41bb-a334-fc9e74a95da9,Brindley Delivery Partner,BIRMINGHAM CITY COUNCIL,award,complete,13475606.5,GBP,2025-10-01T12:00:00+01:00,CPV,72000000,"IT services: consulting, software development, Internet and support",award_notice,True
0fc6e1ba-7966-4c68-808f-47fb0931e989-916134,ocds-b5fd17-a4f0d513-850c-40fe-9554-c770c8f4f9a2,Contract for Provision of Occupational Health Services,Redditch Borough Council,award,complete,,,2026-06-30T23:59:00+01:00,CPV,85100000,Health services,award_notice,False
6368b473-8cc4-4c32-8ff8-beaabbd1a612-916129,ocds-b5fd17-a71c5381-a083-4121-b705-e5ba004c86e3,ITT For Project 10188000,Innovate UK,award,complete,2650,GBP,2026-04-27T17:00:00+01:00,CPV,79421100,Project-supervision services other than for construction work,award_notice,False
62434f6b-12b1-454b-ac54-abe8a9872296-916130,ocds-b5fd17-9ddf5990-8b40-4ca7-9426-126284c563f5,NEPRO 3 Local Government Reorganisation Support (LGR),Lancashire County Council,award,complete,157500,GBP,2026-08-14T17:00:00+01:00,CPV,79400000,Business and management consultancy and related services,award_notice,False
2dc32a7a-aec9-459e-bf26-365c56456635-916131,ocds-b5fd17-8883570a-6b13-4524-b43b-7e6b662e0f2c,HULL CITY COUNCIL- Door Access Control Improvements 2024  (Various Sites),Hull City Council,award,complete,155000,GBP,2025-06-23T12:00:00+01:00,CPV,45000000,Construction work,award_notice,False
5d94eb04-4b64-45cf-a760-32b2666d7539-916127,ocds-b5fd17-42db9561-0f15-47e3-8617-b0032075deaf,ITT For Project 10187635 and 10182887,Innovate UK,award,complete,5440,GBP,2026-04-27T17:00:00+01:00,CPV,79421100,Project-supervision services other than for construction work,award_notice,False
4f218b6a-881f-4dc4-b70f-e79e52fa0418-916128,ocds-b5fd17-36f485d3-87af-4e8f-8556-bce09008422b,St Thomas' Hospital Energy Project Commercial Support,Guy's and St Thomas' NHS Foundation Trust,award,complete,60000,GBP,2025-10-30T12:00:00Z,CPV,79100000,Legal services,award_notice,False
8fc92c97-a993-4dad-9eba-137508d9d007-916013,ocds-b5fd17-0baa6ff5-67f5-493c-8dd8-1dfaf6d7f039,Provision of Services for AMS-HOPS and Part 11,WEST MIDLANDS COMBINED AUTHORITY,award,complete,,,2026-01-29T17:00:00Z,CPV,72200000,Software programming and consultancy services,award_notice,True
1e89e517-67ba-4f53-8469-2de19b90e699-916124,ocds-b5fd17-b3d706d8-7a4a-4f1e-9149-2a73f6ac7bbe,ITT For Project 10184434 and 10184546,Innovate UK,award,complete,4631,GBP,2026-04-27T17:00:00+01:00,CPV,79421100,Project-supervision services other than for construction work,award_notice,False
ef1db8a1-2fb9-4b0c-b3ce-2b0f42b93f89-916125,ocds-b5fd17-e054bff1-b49c-4f0d-ba87-a2fa764d59df,37348 - PINDAR NURSERY,Leicester City Council,award,complete,30654,GBP,2026-10-01T09:00:00+01:00,CPV,60120000,Taxi services,award_notice,False
1493179c-b4a5-4e66-9551-2a0c958d06db-916123,ocds-b5fd17-2c0b7242-799e-444a-927d-e33f9671e95b,37351 - HOMEFIELD COLLEGE,Leicester City Council,award,complete,51714,GBP,2026-10-01T09:00:00+01:00,CPV,60120000,Taxi services,award_notice,False
ce0c61de-f730-4efe-84fe-49db2aad47d8-916121,ocds-b5fd17-792d66ff-3be7-459f-bf65-9b7960f484df,WHHT - Cyber Assurance,West Hertfordshire Teaching Hospital NHS Trust,award,complete,626000,GBP,2026-03-02T12:00:00Z,CPV,48730000,Security software package,award_notice,True
b0732417-2bdf-4290-a952-f50e86a71969-916119,ocds-b5fd17-33c0f3b2-96c5-41b3-9631-7921aa70348c,ITT For Project 10184147,Innovate UK,award,complete,12435,GBP,2026-05-01T17:00:00+01:00,CPV,79421100,Project-supervision services other than for construction work,award_notice,False
6b5c21b2-b019-4ac6-9681-bafc5ccfb3c2-916120,ocds-b5fd17-e069e9c0-f569-4d01-b215-2df11bd03b37,"Finance, HR and Corporate Systems Discovery",London Borough of Sutton,tender,active,50000,GBP,2026-10-01T23:59:00+01:00,CPV,72221000,Business analysis consultancy services,review_needed,True
82916800-7901-4b72-bdd1-77ecab328436-916117,ocds-b5fd17-1ab01b97-5c29-418d-b945-61a63e74ea5c,East - FRAM lot 9c - Client Support Services - AtkinsRéalis UK,Environment Agency,award,complete,107794.5,GBP,2026-06-04T17:00:00+01:00,CPV,72224000,Project management consultancy services,award_notice,True
f99711e1-8214-41f1-a258-9c349f85032e-916118,ocds-b5fd17-33e38a31-b22d-4d47-8628-aafe29975884,Cambridgeshire County Council Microsoft EA Agreement,Cambridgeshire County Council,award,complete,4800000,GBP,2026-07-31T12:00:00+01:00,CPV,48000000,Software package and information systems,award_notice,True
d8b09b9a-974a-4148-ab0d-774870799df4-916114,ocds-b5fd17-e291314d-4c97-4bed-a482-5c5c85282a26,ITT For Project 107566,Innovate UK,award,complete,1400,GBP,2026-03-19T17:00:00Z,CPV,79421100,Project-supervision services other than for construction work,award_notice,False
2dce3cbe-7629-4273-8e17-8ed59447be30-916113,ocds-b5fd17-f8acf8f1-d676-4ece-a58e-e60dea73a5c5,The Provision of an Energy Portfolio Management System,Government Commercial Agency,planning,planned,1950001,GBP,,CPV,71314000,Energy and related services,unknown,False
d19e0bae-fe9a-4200-a51a-ce3d17795be1-916112,ocds-b5fd17-ff27062b-7dc1-40ed-88f9-92a4fa36571a,East - FRAM lot 9c - Client Support Services - Mott MacDonald,Environment Agency,award,complete,519801.6,GBP,2026-06-04T17:00:00+01:00,CPV,72224000,Project management consultancy services,award_notice,True
69b4ab60-a630-441b-9db3-7e1c546b5252-916111,ocds-b5fd17-7733be28-4785-4fda-8af5-0f55e749bc3d,Taxi and MPV (1-8 seats) Passenger Assistant - Taxi and MPV (1-8 seats) Passenger Assistant,East Sussex County Council,award,complete,,,2026-09-30T10:00:00+01:00,CPV,60000000,Transport services (excl. Waste transport),award_notice,False
39e32ec4-1f42-4251-8e07-1a4386db3980-916110,ocds-b5fd17-073e6594-94f3-4451-8f07-f1ea261cd170,GB-Witham: ECFRS00513 - Replacement of Timeserve Ladders,"Essex Police, Fire and Crime Commissioner Fire and Rescue Authority",award,complete,80831.65,GBP,2026-09-30T00:00:00+01:00,CPV,34913700,Firefighting vehicle ladders,award_notice,False
900c9836-b5b6-47db-ad4c-35347b92402e-916109,ocds-b5fd17-180a77fe-3a92-493a-aaa2-43e3d7521f13,East - FRAM lot 9c - Client Support Services - Competitive Tender - T&T,Environment Agency,award,complete,316735.05,GBP,2026-06-04T17:00:00+01:00,CPV,72224000,Project management consultancy services,award_notice,True
e4370777-b1e1-4017-b636-204bd6c83838-916107,ocds-b5fd17-d39215f2-9b6d-4b89-8bdc-c97416c11538,East - FRAM lot 9c - Client Support Services - Competitive Tender - WSP,Environment Agency,award,complete,408770.14,GBP,2026-06-04T17:00:00+01:00,CPV,72224000,Project management consultancy services,award_notice,True
cace2350-7283-4cee-875c-7861349b5d63-912948,ocds-b5fd17-08803049-7e18-4cc9-936f-66fbbae84b22,"Camels Head Fire Station - QS, PM & EA Consultancy",Devon & Somerset Fire & Rescue Service,award,complete,41121,GBP,2026-04-15T10:00:00+01:00,CPV,71324000,Quantity surveying services,award_notice,False
94afad58-decc-418d-b959-fc8fed57e3d9-912942,ocds-b5fd17-d989f14b-99c3-47d1-ab34-b30a2b99c4d9,Camels Head Fire Station - Design Team Consultancy,Devon & Somerset Fire & Rescue Service,award,complete,189682,GBP,2026-04-15T10:00:00+01:00,CPV,71221000,Architectural services for buildings,award_notice,False
021b1cb8-cb38-4575-a0ab-64e5cf290819-916106,ocds-b5fd17-744b872a-aa19-44af-8036-cf6f889b2e0e,CALL-OFF: Children's Services Re-Opening of the Open Select List 2025 for all Independent Placement,Lincolnshire County Council,award,complete,,,2025-11-10T12:00:00Z,CPV,85000000,Health and social work services,award_notice,False
1f2ab3b8-47a5-47d8-8452-22a8f1546043-916101,ocds-b5fd17-37baa09c-1905-44d8-8e96-c9f3f360dd36,Roofing Consultancy Works,Northumberland County Council,award,complete,53760,GBP,2026-05-28T12:00:00+01:00,CPV,66170000,"Financial consultancy, financial transaction processing and clearing-house services",award_notice,False
99a260e6-6622-46cf-b90b-13f214a88d47-916104,ocds-b5fd17-b09fdf45-800d-4f98-b1ad-82687ce146c3,ACORN GEODEMOGRAPHICS TOOL,Wirral Borough Council,award,complete,77217,GBP,2026-09-25T12:00:00+01:00,CPV,72000000,"IT services: consulting, software development, Internet and support",award_notice,True
2fb8a658-5c29-4893-948e-cfee4d80b47e-916103,ocds-b5fd17-8de92b17-f58d-4d48-b36d-e429eebdddc3,CALL-OFF: Children's Services Re-Opening of the Open Select List 2025 for all Independent Placement,Lincolnshire County Council,award,complete,,,2025-11-10T12:00:00Z,CPV,85000000,Health and social work services,award_notice,False
930b208c-1044-44d6-8b05-579bde4afc68-916100,ocds-b5fd17-878bbb73-245b-42bc-8491-577624deae23,Hinkley Point B Groundwater Monitoring 2026-2027,Nuclear Restoration Services Limited,award,complete,100000,GBP,2026-09-28T12:00:00+01:00,CPV,71351500,Ground investigation services,award_notice,False
1837cd2a-998f-4e23-89d3-b2f2bc999de5-916099,ocds-b5fd17-8ae3e7ba-8472-4dbc-b4cb-1d2b012b0525,Award of a call off contract under the Prison Education Dynamic Purchasing System for Bricklaying course provision for prisoners at HMP Northumberland,Ministry of Justice,award,complete,147505,GBP,2026-07-27T15:00:00+01:00,CPV,80000000,Education and training services,award_notice,False
4a69bd1f-b436-42b5-adcc-81d7278e38f5-916007,ocds-b5fd17-6befeac6-17dd-4bce-b68f-4000aff5db08,GB-London: EMPLOYEE ENGAGEMENT SURVEY TOOL,BIP SOLUTIONS LIMITED,award,complete,37940,GBP,2026-05-13T12:00:00+01:00,CPV,79342311,Customer satisfaction survey,award_notice,False
08eb0b9b-793b-49e5-9232-fdaaf22a2afc-916098,ocds-b5fd17-2d6fdde5-8ff0-4d49-ad1d-f83669fd84e5,Award of a call off contract under the Prison Education Dynamic Purchasing System for Music course provision for prisoners at HMP Manchester,Ministry of Justice,award,complete,15000,GBP,2026-08-05T15:00:00+01:00,CPV,80000000,Education and training services,award_notice,False
0f41fb75-8438-4331-8ad4-8f7ed8f21367-916096,ocds-b5fd17-854605b3-18c9-4d55-a77a-6a2a52e05109,Call off Contract Under Prison Education Dynamic Purchasing System for Forklift Truck Courses for Prisoners at HMP Featherstone,Ministry of Justice,award,complete,16640,GBP,2026-08-03T15:00:00+01:00,CPV,80000000,Education and training services,award_notice,False
1c2bcadf-423b-4a5e-8f37-8e6a44f6de00-916095,ocds-b5fd17-b52efa2b-a940-4304-a4b2-9b83003e7313,Arboricultural services - Tree works operations,London Borough Of Islington,tender,active,,,2026-10-09T12:29:00+01:00,CPV,50000000,Repair and maintenance services,potential_opportunity,False
95e596ab-9aab-4d48-b574-c74fe81141b5-916094,ocds-b5fd17-00983290-593e-4cc5-a4e0-9faa9e384f31,Arboricultural services - Tree works operations,London Borough Of Islington,tender,active,,,2026-10-09T12:14:00+01:00,CPV,50000000,Repair and maintenance services,potential_opportunity,False
8dd803f1-6e2f-4f88-81f2-0babeff79f3f-916093,ocds-b5fd17-83af6453-620f-4d6c-b260-20ec076f24b6,Provision of Research Specification for Communications and Marketing Campaign,Government Commercial Agency,awardUpdate,complete,7225000,GBP,2026-07-03T00:00:00+01:00,CPV,73110000,Research services,award_notice,False
daf70bb7-e9e9-4df7-a233-a53189705798-916092,ocds-b5fd17-05c67353-9671-4934-bce9-93e55e66a96e,QEH001 2026-09-30 East Bergholt to East Bergholt Primary School (4-seater and 2/3 car seat) - AWARD,Suffolk County Council Passenger Transport,award,complete,,,2026-09-30T09:00:00+01:00,CPV,60000000,Transport services (excl. Waste transport),award_notice,False
5e3c9750-1fbc-414b-8aaf-97ff186e59c1-916091,ocds-b5fd17-167bd283-f7cb-43bb-93bb-45180a54739b,Vehicle: BMW iX1 Estate,West Midlands Fire Service,award,complete,27369.09,GBP,2026-09-28T17:00:00+01:00,CPV,34144900,Electric vehicles,award_notice,False
d69825f1-4b85-44a8-989d-6a62a7df1d94-916090,ocds-b5fd17-ddbd10bd-aa9d-42fa-8186-e0d896e4c805,Vehicle: BYD SEAL 230kW Design 83kWh 4dr Auto,West Midlands Fire Service,award,complete,30682.8,GBP,2026-09-28T17:00:00+01:00,CPV,34144900,Electric vehicles,award_notice,False
ea8722fc-4f04-4469-a469-04aa843d36c7-916088,ocds-b5fd17-99309af0-f32a-4763-8e89-5522e11fc990,Lift Maintenance,Gloucestershire Health and Care NHS Foundation Trust,award,complete,153673.47,GBP,2026-10-31T12:00:00Z,CPV,50700000,Repair and maintenance services of building installations,award_notice,False
ddf707f8-a762-422a-add7-384a1809bf94-914282,ocds-b5fd17-c5f9df98-f48a-471f-8fce-8cee45ea1e27,SFO/Comms/LexisNexis/DF,SERIOUS FRAUD OFFICE,award,complete,14072.76,GBP,2026-08-06T12:00:00+01:00,CPV,79980000,Subscription services,award_notice,False
91a1dafe-862f-4ea4-a18a-40726d162d3a-916087,ocds-b5fd17-47cc42e8-9198-45f1-82d4-c59dcd15c107,Security / Manguarding 2026,The Royal Borough of Kingston upon Thames,award,complete,882296,GBP,2026-06-05T12:00:00+01:00,CPV,79710000,Security services,award_notice,False
f3f44ff0-99b7-4488-9bca-533fa4d9847e-916086,ocds-b5fd17-4f6efe02-0dcd-49a6-abf2-f5024a3a71e4,EA and Technical Assurance Services for the Meridian Water SIW,London Borough of Enfield,award,complete,1323652.91,GBP,2026-09-04T16:00:00+01:00,CPV,71541000,Construction project management services,award_notice,False
45af23cf-8630-4eda-868d-8826d6bdc0e2-916085,ocds-b5fd17-47a5fc3b-3ab9-4eeb-bd09-8629b6d97dab,WHHT - Replacement of H Block Boilers,West Hertfordshire Hospitals NHS Trust,award,complete,84000,GBP,2026-09-24T12:00:00+01:00,CPV,45331110,Boiler installation work,award_notice,False
9b7f326d-4f5b-47f3-8892-2085230713d7-916084,ocds-b5fd17-242540b7-1882-4363-a1f0-41d22104f7a7,Lebanese Armed Forces Border Security Support,Foreign Commonwealth and Development Office,award,complete,5000000,GBP,2026-08-31T00:00:00+01:00,CPV,75211300,Foreign military-aid-related services,award_notice,False
3bdd9068-1448-4e66-bc08-62323116ad21-916083,ocds-b5fd17-00d628de-48f7-4599-b847-bf73b2cb533d,Buckley Barracks SLA - RIBA Stage 3-4,Ministry of Defence,award,complete,2393255,GBP,2026-03-27T18:00:00Z,CPV,44211100,Modular and portable buildings,award_notice,False
539b1649-f332-4331-ad01-7830079417be-916082,ocds-b5fd17-69637248-95d5-4ade-85dc-c9a820389e7c,CWF Lot 2A - Hollins Lane Culvert Repair Works,WESTMORLAND AND FURNESS COUNCIL,award,complete,40000,GBP,2026-09-18T12:00:00+01:00,CPV,45000000,Construction work,award_notice,False
d0b7b12b-ef8c-4862-a107-df8e7b866459-916067,ocds-b5fd17-207c1b2f-d0e6-4d2d-8254-185d0c20089a,Student Admissions System 23/24,BATH SPA UNIVERSITY,award,complete,38190,GBP,2023-06-26T12:00:00+01:00,CPV,48190000,Educational software package,award_notice,True
a684004d-ff61-4eb0-b0c4-ac502e9daa35-916078,ocds-b5fd17-f87cf85b-0fce-463f-a608-6c795ec73343,Student Admissions System 24/27,BATH SPA UNIVERSITY,awardUpdate,complete,94029.6,GBP,2024-06-26T12:00:00+01:00,CPV,48190000,Educational software package,award_notice,True
d6ab45d7-526a-444a-943c-8e351cbfcc03-916077,ocds-b5fd17-1d1f03d3-6232-4008-951c-cf8e06d5db71,Search & Monitor Tool,FCA,award,complete,300000,GBP,2026-07-27T12:00:00+01:00,CPV,72000000,"IT services: consulting, software development, Internet and support",award_notice,True
52979075-b770-4ec0-a5c7-028005d30eb1-916076,ocds-b5fd17-9a8f621d-f2a1-4752-8b7f-6923ce98a923,Free School Meals (FSM) Expansion Evaluation,Department for Education,award,complete,,,2026-07-27T23:59:00+01:00,CPV,73000000,Research and development services and related consultancy services,award_notice,False
2aa524a5-d241-46ba-888c-1b77d5c0067f-916074,ocds-b5fd17-d5c4671e-7a94-48fc-9448-4f83fcb9c2b0,Replacement Paediatric  Colonoscopes - Endoscopy,Nottingham University Hospitals NHS Trust,award,complete,106138.73,GBP,2026-10-04T12:00:00+01:00,CPV,33100000,Medical equipments,award_notice,False
123a69c5-4c1a-4eea-b69b-a09ab23b7c2d-916073,ocds-b5fd17-18ee57d3-f8ea-4cc0-b6f2-a97c872e499b,DWP Asset Disposal,Department for Work and Pensions,award,complete,450000,GBP,2026-07-17T12:00:00+01:00,CPV,72222300,Information technology services,award_notice,True
9124f019-f6ae-4fd2-a972-d4d030c5c305-916072,ocds-b5fd17-e0a1c93a-ae66-4090-932e-15bc442e1e0d,Saas- Based Back up Services,FCA,award,complete,350000,GBP,2026-08-14T12:00:00+01:00,CPV,72261000,Software support services,award_notice,True
a684004d-ff61-4eb0-b0c4-ac502e9daa35-911484,ocds-b5fd17-f87cf85b-0fce-463f-a608-6c795ec73343,Student Admissions System,BATH SPA UNIVERSITY,award,complete,94029.6,GBP,2023-06-26T12:00:00+01:00,CPV,48190000,Educational software package,award_notice,True
d196a608-748a-4c69-a44c-8e323fc24a5c-916071,ocds-b5fd17-7e2273b1-c96e-4d02-b6f4-95f30c67b13d,Replacement Balloon Controller -  OBCU and Enteroscope - Endoscopy,Nottingham University Hospitals NHS Trust,award,complete,70047.67,GBP,2026-10-04T12:00:00+01:00,CPV,33100000,Medical equipments,award_notice,False
a5434eb3-01e1-4019-8e75-ec29aa8946c3-916070,ocds-b5fd17-cd0d9254-7335-4fd0-893c-0253076b8c15,Media Monitoring Service & stakeholder Engagement Platform,NHS Blood and Transplant,award,complete,189300.69,GBP,2026-09-14T12:00:00+01:00,CPV,79340000,Advertising and marketing services,award_notice,False
d11d3d08-cfe6-47bd-b5e0-516761846051-916069,ocds-b5fd17-a7e5599b-345d-4402-bb2a-471a840dac26,Replacement colonoscopes -  Endoscopy,Nottingham University Hospitals NHS Trust,award,complete,109096.78,GBP,2026-10-04T12:00:00+01:00,CPV,33100000,Medical equipments,award_notice,False
2718bc9c-17a1-480f-b49a-201680e2f1d2-916068,ocds-b5fd17-571f5d76-bf9b-4148-ad7c-832343213bb7,Hedge Cutting-Tenanted Properties - Central & South Area,Nottinghamshire County Council,award,complete,115672.88,GBP,2026-05-21T12:00:00+01:00,CPV,45112712,Landscaping work for gardens,award_notice,False
31ec5283-a298-4d38-a454-bb9a84f7986a-916066,ocds-b5fd17-f5bb7389-da68-419f-bf8a-fd24c48fa019,"RFL-MAINT4564- GM85, Dual Shot 2021/S000-021535",Royal Free NHS Foundation Trust,award,complete,38881.49,GBP,2026-03-06T12:00:00Z,CPV,50421000,Repair and maintenance services of medical equipment,award_notice,False
12905fd6-3b5e-4434-a0c9-5dd82f1ef98b-916065,ocds-b5fd17-a3d2a2c5-0804-49a2-a77f-6b2ee997ee4a,SCC0179VA - Artificial intelligence (AI) and automation practitioner,SUFFOLK COUNTY COUNCIL,award,complete,90000,GBP,2026-09-30T08:00:00+01:00,CPV,80530000,Vocational training services,award_notice,False
90a8fea3-718a-48a4-98b2-a177143d2333-916052,ocds-b5fd17-392978e2-a986-460a-84c9-51ade9c205e9,People Professional Apprenticeships,West Yorkshire Combined Authority,award,complete,55000,GBP,2026-09-01T00:00:00+01:00,CPV,80000000,Education and training services,award_notice,False
4aac0e9b-74cf-4fc6-9983-df0ffd7e57d7-916064,ocds-b5fd17-eacb09a0-dc7d-4dae-a39c-04320221a4cd,South East - FRAM lot 9c - Client Support Services - Competitive Tender - Mott MacDonald Limited,Defra,award,complete,1545669.63,GBP,2026-06-04T17:00:00+01:00,CPV,72224000,Project management consultancy services,award_notice,True
37528926-f184-4da2-ad10-40faa9ffbf3d-916060,ocds-b5fd17-231d7c29-4a8c-4608-b623-506f7e413e77,SCC0179VA,SUFFOLK COUNTY COUNCIL,planning,planning,,,,CPV,80530000,Vocational training services,unknown,False
7967e0c3-8001-4af3-b93c-8ae3b66dd5f6-916059,ocds-b5fd17-a5a9a52b-aebd-4eb2-9385-b1f0defaa81e,Slack Enterprise Plus Licences 2026/27,NHS England,award,complete,2970255.96,GBP,2026-09-03T17:00:00+01:00,CPV,48000000,Software package and information systems,award_notice,True
5435e778-50c1-4c5d-a4f3-72b21a29e805-916058,ocds-b5fd17-63fbe821-679f-4d66-85df-9598eada1488,"QSB188 0900 2026-09-30 Brandon - Olive academy, Stowmarket (4-seated vehicle required) - AWARD",Suffolk County Council Passenger Transport,award,complete,,,2026-09-30T09:00:00+01:00,CPV,60000000,Transport services (excl. Waste transport),award_notice,False
f62b9868-ec22-4af8-bf66-c8222c8d1007-916056,ocds-b5fd17-20e437b4-d91b-41ff-b4cb-6f968b2b8c1f,Financial Assessment Software,WAKEFIELD COUNCIL,awardUpdate,complete,174750,GBP,2025-07-27T12:00:00+01:00,CPV,48000000,Software package and information systems,award_notice,True
b00e5849-4318-41fc-b460-976ace776efb-916057,ocds-b5fd17-b5c941b3-c927-4f46-9d6e-86d7031a5470,Highways asset management s/w,The Royal Borough of Kingston upon Thames,award,complete,123471,GBP,2026-09-03T23:59:00+01:00,CPV,48900000,Miscellaneous software package and computer systems,award_notice,True
048839f2-f3e9-4433-8df9-c48eaae0fee2-916055,ocds-b5fd17-6d646b50-5a7b-4f3d-b2b7-6fbc2414772e,PS26198 - Cyber Risks in the UK Robotics Market,DSIT,award,complete,88000,GBP,2026-08-17T11:00:00+01:00,CPV,73110000,Research services,award_notice,False
cf247419-24de-42af-9f29-d4720e23e215-916054,ocds-b5fd17-9cc85dc2-e4a6-4a06-8b63-04d323756baf,GB-Darlington: TVCA-PROC-0889 - Consultancy for Energy Project Pipeline,Tees Valley Combined Authority,award,complete,72780,GBP,2026-09-14T00:00:00+01:00,CPV,80510000,Specialist training services,award_notice,False
deffad4f-30b3-4dbf-a33a-e93766a2e443-916053,ocds-b5fd17-e2121535-2166-4626-9eb8-1baafc0a038c,Paypoint and Post Office Transactions system - Ashfield District Council,Nottinghamshire County Council,award,complete,270000,GBP,2026-09-15T23:59:00+01:00,CPV,48000000,Software package and information systems,award_notice,True
02ad87ab-a91d-41bc-8cfa-5af0af649ef8-916051,ocds-b5fd17-4d8450d5-6423-41f0-b9e6-9005cb7b1941,Online Housing Benefits and Council Tax Support Support Form,WAKEFIELD COUNCIL,awardUpdate,complete,82608,GBP,2024-08-02T12:00:00+01:00,CPV,72000000,"IT services: consulting, software development, Internet and support",award_notice,True
f5f135ab-eabb-4093-af69-d02b37a41ba6-916045,ocds-b5fd17-97643af0-efe1-4a1c-a808-d6cb78a59b9a,Provision of Wavenet SOC CyberGuard MXDR Plus Service,NHS PROPERTY SERVICES LIMITED,award,complete,210000,GBP,2026-09-29T17:00:00+01:00,CPV,72222300,Information technology services,award_notice,True
cc113b17-5abf-49f5-8de9-a24d54957913-916050,ocds-b5fd17-acf29faa-2335-4e9d-a2f7-1807d7204b2d,Replacement Duodenoscopes -  Endoscopy,Nottingham University Hospitals NHS Trust,award,complete,102221.02,GBP,2026-10-04T12:00:00+01:00,CPV,33100000,Medical equipments,award_notice,False
470b4da0-d0d5-4aab-a53b-f5ceb7575193-916048,ocds-b5fd17-057d7830-e222-4563-b5f7-a5a6797e780d,Manchester International Airport - OLE Phase 3 Works,Kier Transportation - CP7 NWC,tender,active,2500000,GBP,2026-10-09T17:00:00+01:00,CPV,45234116,Track construction works,potential_opportunity,False
2d833a08-1eb8-40ef-8d5f-4488c5f6dbae-916047,ocds-b5fd17-16fb47df-0688-4786-8248-a08e283387e2,GB-Milton Keynes: Provision of Residential Furniture and Flooring Services for Temporary Accommodation and Supported Housing,Amplius Living,award,complete,180000,GBP,2025-12-31T00:00:00Z,CPV,39100000,Furniture,award_notice,False
067bbf5e-95e4-4a72-9260-3944121cb242-916029,ocds-b5fd17-0d15235d-f2f6-42f1-b588-8b28504e280e,Purchase of 3 x 12T Road Sweepers,NOTTINGHAM CITY COUNCIL,award,complete,530000,GBP,2026-09-21T12:00:00+01:00,CPV,34921100,Road sweepers,award_notice,False
a6c1f4e3-982a-43d7-aa2e-9130658973e2-916042,ocds-b5fd17-20900e61-d608-40ed-adea-031baf8c6675,Graffiti removal,London Borough of Merton,tender,active,,,2026-11-05T12:00:00Z,CPV,90690000,Graffiti removal services,potential_opportunity,False
4067df44-204c-433b-89bf-e6dfb4a00bfd-916040,ocds-b5fd17-596600fb-5d53-4d2c-b149-4c178f4596b6,RA360604 - Purchase of Melex N20,Betsi Cadwaladr University Health Board,tender,active,,,2026-10-06T12:00:00+01:00,CPV,34000000,Transport equipment and auxiliary products to transportation,potential_opportunity,False
166cc8d0-802f-405d-ba54-9683646cd4ea-916039,ocds-b5fd17-9d554e40-2f2f-4ef9-99fd-b5d84ff6131e,HGV Tramline 2027 Onwards,National Highways Limited,award,complete,225786,GBP,2026-09-24T10:00:00+01:00,CPV,34114000,Specialist vehicles,award_notice,False
3d31267b-2aca-483e-bc48-47a9f0cf82be-916036,ocds-b5fd17-d097c6bd-a3e1-4505-a812-497538953575,NHG Estate Agency Services Framework,Notting Hill Genesis,award,complete,6000000,GBP,2026-06-29T00:00:00+01:00,CPV,70300000,Real estate agency services on a fee or contract basis,award_notice,False
3fd626c9-e9d0-4a76-b7ba-9578d05f028d-916027,ocds-b5fd17-3594c706-f2c7-4c76-ab0f-2234f493e7a4,CPU 8474 Development of Nottingham Vision Delivery Plan,NOTTINGHAM CITY COUNCIL,award,complete,90000,GBP,2026-07-20T12:00:00+01:00,CPV,71410000,Urban planning services,award_notice,False
491d8ba4-c9c2-42d0-853c-688fe2ab4cc2-916033,ocds-b5fd17-403e3ebe-8bc1-4bfa-b629-411a333ccc80,RFL - MAINT5066- SMH 250 x mattresses x 250 systems 2021/S000-021535,Royal Free London NHS Foundation Trust,award,complete,49160,GBP,2026-08-01T12:00:00+01:00,CPV,50420000,Repair and maintenance services of medical and surgical equipment,award_notice,False
4ea546d9-cc5e-4cd0-8bb9-7ba656eb735c-916030,ocds-b5fd17-efc71292-ac7e-4b92-9c72-6c10802d6545,NHG Empty Homes (Voids) Refurbishment Works Framework,Notting Hill Genesis,award,complete,500000000,GBP,2026-03-16T00:00:00Z,CPV,45453100,Refurbishment work,award_notice,False
8bc05657-5184-46e8-90d3-c647b03cacfc-916028,ocds-b5fd17-b34db06b-95e6-4ffd-af7e-d099a71bccfc,Authorising Engineer - Asbestos,Lincolnshire Community Health Services NHS Trust,award,complete,87920.51,GBP,2026-05-13T12:00:00+01:00,CPV,71300000,Engineering services,award_notice,False
d210e3f1-8d80-408e-b0ce-c33e014e6c7e-916024,ocds-b5fd17-a1db6633-ed58-4aa0-ad17-7cce067bec64,Kitchen and Window works at Somerford Grove Health Centre,NHS PROPERTY SERVICES LIMITED,award,complete,335308.52,GBP,2026-09-15T17:00:00+01:00,CPV,45210000,Building construction work,award_notice,False
1368e3ff-b83d-4a7b-a228-84bdc3f95d80-916026,ocds-b5fd17-17149f0b-dfe1-4bdc-b66e-d50eaf60bba9,Cumberland Care Homes IoT Network,Cumberland Council,award,complete,303114.48,GBP,2026-05-18T17:00:00+01:00,CPV,32400000,Networks,award_notice,False
9c6f4687-4df9-405d-be58-e4d18b1fcf2d-916022,ocds-b5fd17-ca55f98c-34ef-4cbe-b8cc-df90f65c491b,Procurement of Solar Power Systems,"Chemonics International, Inc.",tenderAmendment,active,1,GBP,2026-10-15T10:00:00+01:00,CPV,09330000,Solar energy,unknown,False
f3f855a0-0e21-4ef5-8ac5-c9199b048051-916025,ocds-b5fd17-bac3fa32-1999-4c22-8f5d-61cbdd36c17f,GB-Hull: Payroll Transaction Charges,Humberside Fire and Rescue Service,award,complete,34070.52,GBP,2021-03-31T00:00:00+01:00,CPV,79211110,Payroll management services,award_notice,False
d6e5ae05-a1da-4196-8822-919330cbfa36-916023,ocds-b5fd17-1ac18cfd-875e-43b6-b99a-d448be2b3fe5,"QLT359 2026-09-30 (0900) Reydon - Pakefield High School and East Point Academy, Lowestoft (4 seats) - AWARD",Suffolk County Council Passenger Transport,award,complete,,,2026-09-30T09:00:00+01:00,CPV,60000000,Transport services (excl. Waste transport),award_notice,False
78f8600e-2d7b-4168-9ed8-d13ae4419f55-916020,ocds-b5fd17-9d8c0289-1ab7-444d-8309-e04ba6e77abc,Authorising Engineer - Asbestos,United Lincolnshire Teaching Hospitals NHS Trust,award,complete,87920.51,GBP,2026-05-13T12:00:00+01:00,CPV,71300000,Engineering services,award_notice,False
774f06dd-12eb-4054-89b4-9c7a39e596f9-908015,ocds-b5fd17-b322cc32-00e5-42ae-ad46-bf30338f5440,Traffic Floating Vehicle Data Service,SOMERSET COUNCIL,award,complete,94900,GBP,2026-03-31T00:00:00+01:00,CPV,72319000,Data supply services,award_notice,True
0ebf1d5e-5492-428a-9eef-a27e54349d72-916019,ocds-b5fd17-347efdb8-6287-4b6e-a43d-9c2eb68f21c0,"QIP139 0900 2026-09-30 Felixstowe to Green Light Trust, Martlesham (4-seater, PA required and group 2/3 car seat) - AWARD",Suffolk County Council Passenger Transport,award,complete,,,2026-09-30T09:00:00+01:00,CPV,60000000,Transport services (excl. Waste transport),award_notice,False
82fd9122-baca-494e-a995-c100c0a2edec-916018,ocds-b5fd17-ad534137-9dba-44fd-a9c5-62540b4f06c5,CBC-2032-T-SK - Installation and Maintenance of Doors and Door Entry Systems & maintenance of Assisted Living Equipment - AWARD,Central Bedfordshire Council,award,complete,,,2026-07-06T12:00:00+01:00,CPV,45421131,Installation of doors,award_notice,False
91eccba9-5a6b-46f4-8c1e-8a5132333b65-916016,ocds-b5fd17-991160e3-d4f5-418d-9030-0fc686789dac,Authorising Engineer - Asbestos,United Lincolnshire Teaching Hospitals NHS Trust,award,complete,175841.02,GBP,2026-05-13T12:00:00+01:00,CPV,71300000,Engineering services,award_notice,False
6dad9d0d-3ca0-48c5-8caf-34d3460939e6-916015,ocds-b5fd17-55efe926-d352-48d2-b225-d4c3106eacb5,West & North Street Railway Bridge Structural Assessments,South Gloucestershire Council,award,complete,25200,GBP,2026-03-09T12:00:00Z,CPV,71600000,"Technical testing, analysis and consultancy services",award_notice,False
a4438e62-0fe5-4f63-8982-df881df9f2ec-915564,ocds-b5fd17-fe17ae7b-adfe-4a8c-8472-837516cec1dc,Legionella Services,HAMPSHIRE COUNTY COUNCIL,award,complete,33240,GBP,2026-02-20T14:00:00Z,CPV,45232430,Water-treatment work,award_notice,False
03fcee22-4af7-4922-b42b-5e781df7beca-916014,ocds-b5fd17-903c3db8-30ad-485c-a1a0-72b545346457,Oaktree Av. & Finch Subways Structural Assessments,South Gloucestershire Council,award,complete,31600,GBP,2026-03-09T12:00:00Z,CPV,71600000,"Technical testing, analysis and consultancy services",award_notice,False
0665231c-e06e-4150-bef1-0aaa4408e439-915571,ocds-b5fd17-a4159d1b-1dd7-4d2e-8745-012eb12abe6c,Fire Safety Services,HAMPSHIRE COUNTY COUNCIL,award,complete,42774,GBP,2026-02-25T14:00:00Z,CPV,31625000,Burglar and fire alarms,award_notice,False
62c2c7b7-57ed-4010-a3d7-d1a6c31302c7-916011,ocds-b5fd17-4b2e8512-6aa5-4788-8b1d-1820f6194a56,ENHT - Condition Survey Phases 1 and 2 at Hertford County Hospital,East and North Hertfordshire Teaching Hospital NHS Trust,award,complete,92770,GBP,2026-06-23T12:00:00+01:00,CPV,79311000,Survey services,award_notice,False
538b75b1-8cfc-4944-8dea-2cb1e2c14df0-916010,ocds-b5fd17-0e3934d2-1199-49f5-89d7-02e38b4ce3ef,22410 Telford Amphitheatre - Platform Replacement - AWARD,Telford and Wrekin Council,award,complete,,,2026-03-20T12:00:00Z,CPV,45000000,Construction work,award_notice,False
66fefe78-e1f0-4eac-a772-967a008a94de-916009,ocds-b5fd17-523cd451-4e2c-48bc-80ef-43a979428b84,"QWE002 0900 2026-09-30 Melton to East Coat Adventures, Woodbridge (4-seater) - AWARD",Suffolk County Council Passenger Transport,award,complete,,,2026-09-30T09:00:00+01:00,CPV,60000000,Transport services (excl. Waste transport),award_notice,False
8f83a1ab-4150-4fc1-8601-0130187018ce-916008,ocds-b5fd17-eafd61c8-7b6b-45fb-bc0a-c958c6ae026d,"ASB251 0930 2026-09-30 Debenham - Stowmarket resource centre, Stowmarket (4-seated vehicle required) - AWARD",Suffolk County Council Passenger Transport,award,complete,,,2026-09-30T09:30:00+01:00,CPV,60000000,Transport services (excl. Waste transport),award_notice,False
6f1f04e9-4bd5-47ac-97f1-114c33d3c3ad-916006,ocds-b5fd17-c321ace4-043f-43c9-beaa-ada72506f4bf,TEL L1 FC Oct26 - Kingston Upon Hull City Council - awarded,NORTHERN HOUSING CONSORTIUM LIMITED,award,complete,294535,GBP,2026-09-22T00:00:00+01:00,CPV,50421000,Repair and maintenance services of medical equipment,award_notice,False
9c6f4687-4df9-405d-be58-e4d18b1fcf2d-916002,ocds-b5fd17-ca55f98c-34ef-4cbe-b8cc-df90f65c491b,Procurement of Solar Power Systems,"Chemonics International, Inc.",tender,active,1,GBP,2026-10-15T10:00:00+01:00,CPV,09330000,Solar energy,potential_opportunity,False
bae5bd90-4aea-452e-884e-5e36e94f722d-916005,ocds-b5fd17-c25a8982-bab3-45f1-8d59-3253aaa97467,TEL L1 DA Oct26 - Crawley Borough Council - awarded,NORTHERN HOUSING CONSORTIUM LIMITED,award,complete,128362.33,GBP,2026-09-25T00:00:00+01:00,CPV,50421000,Repair and maintenance services of medical equipment,award_notice,False
8d5506bc-ace6-4cab-b503-d7e150cca636-916004,ocds-b5fd17-e32363a8-9a63-4815-a2bd-b3093c8bc188,25336 - John Fletcher of Madeley - Modular Building - AWARD,Telford and Wrekin Council,award,complete,,,2026-03-06T12:00:00Z,CPV,45000000,Construction work,award_notice,False
bd67eeb5-494f-4a1e-a584-cd64a6a61fab-916003,ocds-b5fd17-cd7caa2c-c76a-4709-8032-9a2b7f19cb9c,HR Support Level 3 Apprenticeship,Ministry of Defence,award,complete,324000,GBP,2026-09-21T17:00:00+01:00,CPV,80000000,Education and training services,award_notice,False
23f27006-daf8-4686-a778-b837e81eaa27-915283,ocds-b5fd17-b582e961-0ac3-454d-a350-e7dd54207e2b,Tree Surveying Services,Stroud District Council,award,complete,90000,GBP,2026-04-01T01:00:00+01:00,CPV,77300000,Horticultural services,award_notice,False
872e8bfc-5f35-46fd-aff3-026032e3896e-916001,ocds-b5fd17-e7904807-51a2-4b9d-8be3-30054da8c282,DDaT26275,ICS on behalf of DSIT and DESNZ,award,complete,72789.7,GBP,2026-09-08T11:00:00+01:00,CPV,48100000,Industry specific software package,award_notice,True
d5616d06-abc4-400f-956d-31eb25dd4c0e-916000,ocds-b5fd17-4a4ab1bb-f07b-4101-b7dd-8eed148bd160,CBC-1949-EXF-FC-SK Rainbows Extension Main Works - AWARD,Central Bedfordshire Council,award,complete,,,2026-04-21T16:00:00+01:00,CPV,45214200,Construction work for school buildings,award_notice,False
00729695-cee1-45cc-8d37-958385c264c8-915932,ocds-b5fd17-0a336276-c2a0-4273-970c-fc1722b62a08,Staff Benefits - Cycle to Work Scheme,WESTMORLAND AND FURNESS COUNCIL,award,complete,,,2026-06-22T12:00:00+01:00,CPV,34430000,Bicycles,award_notice,False
9ef01b48-8af3-4314-9b63-6e866e21260f-915999,ocds-b5fd17-c7370dd9-f4b6-455b-a671-8f693421ec84,G Cloud 14 Lot 3 - MTI technology ltd,London Borough of Barnet,award,complete,78562.5,GBP,2026-08-01T00:00:00+01:00,CPV,72800000,Computer audit and testing services,award_notice,True
7fecc69f-c90b-4d98-9d08-ddfd49b96ccf-915998,ocds-b5fd17-2024f3a8-686a-474e-aa70-8559d27dbd89,25359 - St Matthews Primary - Demountable Repairs and Toilet Refurbishment - AWARD,Telford and Wrekin Council,award,complete,,,2026-06-22T12:00:00+01:00,CPV,45000000,Construction work,award_notice,False
89fd813e-e7d9-4f44-b8f9-0c98e015299c-915997,ocds-b5fd17-c4aa0a09-5b78-4344-8f54-7c3aaee3c32f,CA18512 - Paradigm Trust - provision of Planned Preventative Maintenance,Paradigm Trust,tender,active,1500000.01,GBP,2026-11-07T12:00:00Z,CPV,50324200,Preventive maintenance services,potential_opportunity,False
44d048f0-02fd-456e-85a7-b5a38b45dde6-915996,ocds-b5fd17-4e4ae191-24c6-4ed5-8b71-b44f54cdb3d6,Lutterworth East - Planning Consultancy Services,Leicestershire County Council,award,complete,165000,GBP,2026-09-29T12:00:00+01:00,CPV,70300000,Real estate agency services on a fee or contract basis,award_notice,False
9f64ee6b-66d0-4d56-8b9a-466d522e3b50-915995,ocds-b5fd17-f5f2de84-6c77-4e74-816e-9e34bcea7581,Carry Out Lightning Protection 2027-2032 - AWARD,Telford and Wrekin Council,award,complete,,,2026-09-25T12:00:00+01:00,CPV,45000000,Construction work,award_notice,False
c1572656-45cb-4e74-98a6-ce94b75cafc3-915994,ocds-b5fd17-251e36de-fe5d-4c18-8d58-2d7b121228b1,CA18417 - NCD576 - Fire Door Quarterly Checks,New College Durham,award,complete,60000,GBP,2026-09-22T13:00:00+01:00,CPV,45421111,Installation of door frames,award_notice,False
810a7647-e434-4712-94dd-72bc6320878a-915993,ocds-b5fd17-358bf2cb-6160-423d-85c7-6ca6bbafffff,SEN20594-SEN-TAXI - FOOT STEPS @ ALL SAINTS WIGSTON ASD UNIT,Leicestershire County Council,award,complete,24000,GBP,2026-09-29T23:59:00+01:00,CPV,60000000,Transport services (excl. Waste transport),award_notice,False
650ad409-138c-4647-976b-2df94733fd9a-915992,ocds-b5fd17-fc020eea-2341-4a76-a501-8c0c8137143f,PS26128 - UKSAC26_0020 Space Ecosystems Portfolio Monitoring and Evaluation,DSIT,award,complete,,,2026-08-20T11:00:00+01:00,CPV,73000000,Research and development services and related consultancy services,award_notice,False
dd264c44-1cab-4712-83bc-86582e454742-915991,ocds-b5fd17-c29eddbf-0a6c-49bd-9cc2-b94ff022b7b8,"QIP147 0900 2026-09-30 Worlingworth to Green Light Trust, Martlesham (4-seater) - AWARD",Suffolk County Council Passenger Transport,award,complete,,,2026-09-30T09:00:00+01:00,CPV,60000000,Transport services (excl. Waste transport),award_notice,False
ea5fe150-af14-4d84-b618-87e28e0030f8-915989,ocds-b5fd17-71356c0b-7d7d-4c46-a115-1d16195d9cb4,GB-Burton upon Trent: Council Insurance Services - Lot 6 Engineering,East Staffordshire Borough Council,award,complete,3570.55,GBP,2026-06-22T00:00:00+01:00,CPV,66510000,Insurance services,award_notice,False
370dd425-6987-4e17-a6e8-97deb28ed3c8-915988,ocds-b5fd17-47d6fafc-4db8-4fad-923f-3b5982e44be9,GB-Burton upon Trent: Council Insurance Services - Lot 5 PA & Travel,East Staffordshire Borough Council,award,complete,7807.21,GBP,2026-06-22T00:00:00+01:00,CPV,66510000,Insurance services,award_notice,False
a9f5c329-ce9b-49e7-aab3-5d4d21ce5281-915987,ocds-b5fd17-f9b74b77-9cc7-4e2c-91d8-2e822c523171,GB-Burton upon Trent: Council Insurance Services - Lot 4 Motor,East Staffordshire Borough Council,award,complete,667271.19,GBP,2026-06-22T00:00:00+01:00,CPV,66510000,Insurance services,award_notice,False
24b2087f-3395-4658-805f-40a518848872-915986,ocds-b5fd17-226b825b-2775-4633-9263-69879ceb28d0,GB-Burton upon Trent: Council Insurance Services - Lot 3 Crime,East Staffordshire Borough Council,award,complete,28378.98,GBP,2026-06-22T00:00:00+01:00,CPV,66510000,Insurance services,award_notice,False
640bd73b-adf2-4b07-a9f9-89ea4e5836a4-915985,ocds-b5fd17-486a0c14-8e5f-4b2d-8aa6-d26e1d9aa211,GB-Burton upon Trent: Council Insurance Services - Lot 2 Combined Liability,East Staffordshire Borough Council,award,complete,495634.45,GBP,2026-06-22T00:00:00+01:00,CPV,66510000,Insurance services,award_notice,False
ef3a9fa7-44f0-4a7b-b4b8-c68b7b7d1ec6-915984,ocds-b5fd17-6aa745b2-b946-4b5e-ac55-5065dc5c003a,GB-Burton upon Trent: Council Insurance Services - Lot 1 Property,East Staffordshire Borough Council,award,complete,439235.77,GBP,2026-06-22T00:00:00+01:00,CPV,66510000,Insurance services,award_notice,False
f08923a8-3a0b-465f-95f1-bf7746b51d9a-915983,ocds-b5fd17-219ba906-04bd-42da-94f3-ae34c4394425,Architecture as a Service,The Pensions Regulator,award,complete,350000,GBP,2026-09-30T12:00:00+01:00,CPV,72000000,"IT services: consulting, software development, Internet and support",award_notice,True
a523423c-f0d6-4247-8888-9c743fa950fe-915982,ocds-b5fd17-72c52f04-9843-4835-939d-45268e061897,PDF Framework - A168 Disforth Resurfacing,National Highways Limited,award,complete,422788.43,GBP,2026-08-30T12:00:00+01:00,CPV,45233210,Surface work for highways,award_notice,False
660f9944-2e69-4b13-a3e4-1ebb55b6f0b4-915981,ocds-b5fd17-4b01f601-39d8-4f5b-b170-16c97f03ea6e,PDF Framework - A1 NB Wansford-Wothorpe resurf,National Highways Limited,award,complete,3710855.29,GBP,2026-08-30T12:00:00+01:00,CPV,45233210,Surface work for highways,award_notice,False
18a92ffe-c452-40da-bf3b-a1b856b83d6d-915948,ocds-b5fd17-6c4d298b-cdd2-485c-9608-2494f495dd65,Value Added Reseller Services - Microsoft Azure,NATIONAL ENERGY SYSTEM OPERATOR LIMITED,award,complete,14000000,GBP,2026-08-01T17:00:00+01:00,CPV,72260000,Software-related services,award_notice,True
0a668002-c4b1-4b25-965b-590435dd8938-915979,ocds-b5fd17-36a6a9b9-10f2-4918-a647-505e931042da,PDF Framework - M5 Junction 4 Island,National Highways Limited,award,complete,341348.57,GBP,2026-08-30T12:00:00+01:00,CPV,45233210,Surface work for highways,award_notice,False
d4856b86-d1fb-491e-b1ec-5f376d8886c0-915978,ocds-b5fd17-d7a44506-30db-4234-990c-6bebde6d7121,"Procurement of Agricultural and Warehouse Machinery, Trailed and Mounted Equipment","Chemonics International, Inc.",tender,active,1,GBP,2026-10-15T15:00:00+01:00,CPV,16000000,Agricultural machinery,potential_opportunity,False
8236cfba-36b9-4726-bd66-4ef4b40f24c3-915977,ocds-b5fd17-e5716655-0692-438c-893f-c603e26ff063,"WSCC Route 7199 Bognor Regis to Littlegreen Academy - 4 seats, 1 PA",West Sussex County Council,award,complete,79503.6,GBP,2026-08-10T12:00:00+01:00,CPV,60120000,Taxi services,award_notice,False
4d9511d7-bb7b-464e-bd1d-5514e326d60b-915976,ocds-b5fd17-3351049d-1a30-4511-af72-0e220ecd8781,37343 CONTACT,Leicester City Council,award,complete,9750,GBP,2026-09-30T09:00:00+01:00,CPV,60120000,Taxi services,award_notice,False
cb437877-529e-4979-b9c0-7dfc5b061ca7-915975,ocds-b5fd17-d85a7aa3-66ec-41de-94a2-ca9094d1b0a0,GB-London: Commercial Advisor Services,Peabody Trust,award,complete,117500,GBP,2026-09-30T00:00:00+01:00,CPV,79400000,Business and management consultancy and related services,award_notice,False
2fcb9678-d5d4-404d-b196-37af2b361cc3-915974,ocds-b5fd17-e40f450d-5193-4733-b7de-9bdc9024d3e9,"WSCC Route 60134 Burgess Hill to Hove Micro School - 4 seats, 1 PA, REGULAR TEAM",West Sussex County Council,award,complete,38692.42,GBP,2026-08-10T12:00:00+01:00,CPV,60120000,Taxi services,award_notice,False
3570b401-f83d-47ee-bbf0-9f0bb54be963-915973,ocds-b5fd17-92dbfaaf-270d-4d8e-9c8d-14fb15d24ebe,"QOC961 2026-09-29 (0900) Lowestoft - The Clare School, Norwich (8 seated wheelchair compliant vehicle with a PA) - AWARD",Suffolk County Council Passenger Transport,award,complete,,,2026-09-29T09:00:00+01:00,CPV,60000000,Transport services (excl. Waste transport),award_notice,False
c786c0ef-fccb-41b3-b66f-13bf8ebdc59c-915971,ocds-b5fd17-fe81b07b-0c47-43b5-b096-feed3c9b084e,On-demand Technology Learning Platform,STUDENT LOANS COMPANY LIMITED,award,complete,391159.41,GBP,2026-09-17T12:00:00+01:00,CPV,48931000,Training software package,award_notice,True
338727d5-5b80-459a-bb51-7d541686623c-915972,ocds-b5fd17-e06ac7cc-821e-4139-a876-706d6658910c,SEN20600-SEN-TAXI- Leicester College Abbey Park Campus,Leicestershire County Council,award,complete,6700,GBP,2026-09-29T23:59:00+01:00,CPV,60000000,Transport services (excl. Waste transport),award_notice,False
24ea3a4d-19b0-4cb0-9929-6a811ae2a7e4-915969,ocds-b5fd17-316d3ced-fe07-40ae-ba63-0a942f8be9b5,PAHT- Solus Endoscopy & Bronchoscopy Software,The Princess Alexandra Hospital NHS Trust,award,complete,49000,GBP,2025-12-08T12:00:00Z,CPV,48517000,IT software package,award_notice,True
e6d54503-1625-4a49-81ed-c1ff1d81e19e-915968,ocds-b5fd17-951e0eca-019f-4193-8755-77a80922eb87,Barbican Centre Library Furniture,The Mayor and Commonalty and Citizens of the City of London,award,complete,150000,GBP,2026-07-17T12:00:00+01:00,CPV,39100000,Furniture,award_notice,False
2614c5f2-1013-4f98-8c63-f0c0bc62d585-915967,ocds-b5fd17-540ee866-6aa6-4218-8f4e-61325aa6dda2,GB-Milton Keynes: Provision of Retrofit and Decarbonisation Works,Amplius Living,award,complete,84000000,GBP,2026-02-09T00:00:00Z,CPV,45450000,Other building completion work,award_notice,False
171ac09e-5c4a-449a-9501-e4c8ac29a4b7-915966,ocds-b5fd17-048b148f-b265-4f8f-b837-febd4e6d556d,CA17482 - South Devon College   TENDER FOR   Waste Management Services  31 July 2026 - 30 July 2029,South Devon College,award,complete,,,2026-07-30T01:00:00+01:00,CPV,90500000,Refuse and waste related services,award_notice,False
88c39868-0f0b-4cbd-9f1c-f1b1fcd2be6b-915965,ocds-b5fd17-42178cca-6580-4413-8200-29db719d0e2a,"GB-Milton Keynes: Provision of Universal Adapter Licensing, Support and Maintenance Services",Amplius Living,award,complete,33000,GBP,2026-05-01T00:00:00+01:00,CPV,72253200,Systems support services,award_notice,True
bf70b746-2f41-4325-8013-2bad2ae228f3-915964,ocds-b5fd17-ec840479-5c45-47dc-b47d-6079d0cadc5c,Asbestos Surveys and Analytics,Nottinghamshire County Council,award,complete,300000,GBP,2026-08-13T12:00:00+01:00,CPV,71600000,"Technical testing, analysis and consultancy services",award_notice,False
eb7ecb32-33cf-4859-82e6-46b9835ad0e2-915959,ocds-b5fd17-4bac89c7-93b7-4be2-baf8-e03a923db8d5,"Dorset Children's online policies and procedures for Children's Homes, Foster Carers and Supported Lodgings",Dorset Council,award,complete,30200,GBP,2026-03-31T17:00:00+01:00,CPV,48190000,Educational software package,award_notice,True
11cb3dda-bdc5-4b93-b5fe-7cc5fc67b763-915962,ocds-b5fd17-9ef9d6c2-d15c-4945-84b5-fd4980f9ad08,CALL-OFF: Children's Services Re-Opening of the Open Select List 2025 for all Independent Placement,Lincolnshire County Council (Transport Service Area),award,complete,,,2025-11-10T12:00:00Z,CPV,85000000,Health and social work services,award_notice,False
ab821684-3d94-4a55-b14d-526dcbe09daa-915960,ocds-b5fd17-5f6d403b-bfce-4d05-b027-1dff878d1055,Microsoft Licences (NFC204),East Sussex Healthcare NHS Trust,award,complete,677289,GBP,2026-09-30T12:00:00+01:00,CPV,48517000,IT software package,award_notice,True
4685c9b9-b5cc-41de-82a4-dd9663e3a7f4-915953,ocds-b5fd17-0ff4aac8-d7a6-4f3d-a543-9833c009b246,Integrated Impact Assessment for Local Plan,Chelmsford City Council,award,complete,53167,GBP,2026-09-01T12:00:00+01:00,CPV,71410000,Urban planning services,award_notice,False
30acd4d6-7352-45ca-9986-03f645b64d2c-915958,ocds-b5fd17-22627161-a44e-4330-a5c3-05b6ffeb1c42,NCC1793 Fixed Asset Valuation Services,Northumberland County Council,award,complete,70255,GBP,2026-09-29T12:00:00+01:00,CPV,79210000,Accounting and auditing services,award_notice,False
1d7f1cc4-69f7-492f-803d-0f505481b5d5-915957,ocds-b5fd17-8a93ed8a-7f2c-4f6b-9e58-c18edcb20ec0,RA360599 - SERVICE COMPRESSORS & DRYERS,East Suffolk and North Essex NHS FT,tender,active,,,2026-10-15T12:00:00+01:00,CPV,50000000,Repair and maintenance services,potential_opportunity,False
739472d7-61ee-421b-94b9-345a530d71bd-915956,ocds-b5fd17-6f055953-4fc7-4a14-a0d5-af7541b00d85,NinjaOne Licences,National Institute for Health and Care Excellence,award,complete,26053.73,GBP,2026-07-08T12:00:00+01:00,CPV,48000000,Software package and information systems,award_notice,True
941310ad-140f-43b5-a7a8-ed7b34590c45-915955,ocds-b5fd17-9d7c86c9-4d3b-43be-bb39-4f328797e539,MR Insourcing,The Christie NHS Foundation Trust,award,complete,102486.8,GBP,2026-04-17T12:00:00+01:00,CPV,85150000,Medical imaging services,award_notice,False
32a6acdb-c2e4-4abc-8a42-1ae8f8ff1c66-914082,ocds-b5fd17-5a9dfcca-9a3c-4ee6-9015-59c870945b5b,High Retention High Capacity Battery,British Transport Police,award,complete,40860,GBP,2026-09-07T00:00:00+01:00,CPV,35200000,Police equipment,award_notice,False
072a15aa-dece-4424-9432-ff58cb82eada-915954,ocds-b5fd17-e8c84fc7-dcc4-4a10-9390-3c4803a26d49,37341 GATEWAY,Leicester City Council,award,complete,22230,GBP,2026-09-30T09:00:00+01:00,CPV,60120000,Taxi services,award_notice,False
ffbfa5c6-cb77-4b37-bf77-87e5f26f4027-915946,ocds-b5fd17-4f028ff4-77e0-4375-a872-d3091948caa0,CAS-01425-K9W7H5 QL and Versaa Software as a Service,ASTER GROUP LIMITED,award,complete,1067580,GBP,2026-06-05T01:00:00+01:00,CPV,48000000,Software package and information systems,award_notice,True
43db0c22-4c8b-44a8-8c81-00923524389a-915942,ocds-b5fd17-37b86b89-beb1-4727-8b4d-1b66fe0031d8,Supply of Mobile Hydraulic Repair Service,Southampton City Council,award,complete,75000,GBP,2024-10-01T12:00:00+01:00,CPV,50000000,Repair and maintenance services,award_notice,False
35a765d3-efac-4704-bc0a-71f9aa1215f2-915952,ocds-b5fd17-93dd42f5-5f1c-419e-9896-f5032dba0642,Taxi and MPV (1-8 seats) - Taxi and MPV (1-8 seats),East Sussex County Council,tender,active,,,2026-10-05T09:30:00+01:00,CPV,60000000,Transport services (excl. Waste transport),review_needed,False
a446fa63-c6f9-4bdc-8869-07f2c200617c-915936,ocds-b5fd17-96f39e45-15d3-49d2-b311-65333cb4091f,Supply and delivery of bulk de-icing rock salt for winter highway maintenance,Dorset Council,award,complete,1087000,GBP,2026-04-03T17:00:00+01:00,CPV,14410000,Rock salt,award_notice,False
0b53f4f8-edfe-4695-bacc-49dbd119fea0-915951,ocds-b5fd17-3c2f1063-2065-45de-92f4-b2650053a8bd,Taxi and MPV (1-8 seats) Passenger Assistant - Taxi and MPV (1-8 seats) Passenger Assistant,East Sussex County Council,award,complete,,,2026-09-30T10:00:00+01:00,CPV,60000000,Transport services (excl. Waste transport),award_notice,False
b0b8fbbf-e936-4eb0-869b-d12463d0e8a2-915950,ocds-b5fd17-4af43810-f309-4649-a40f-ea882b81ef7e,Weymouth Neighbourhood Scheme RIBA 1 & 2 Architectural Services,Dorset Healthcare University NHS Foundation Trust,award,complete,50000,GBP,2026-09-23T12:00:00+01:00,CPV,71220000,Architectural design services,award_notice,False
4c401f50-44ee-4f47-a432-8e18aea994b0-915949,ocds-b5fd17-dc8e040a-6142-449e-a5ea-74310842956c,Taxi and MPV (1-8 seats) - Taxi and MPV (1-8 seats),East Sussex County Council,tender,active,,,2026-10-05T09:30:00+01:00,CPV,60000000,Transport services (excl. Waste transport),review_needed,False
b1d82702-3dfc-4cb4-85f4-4e44723243a5-915947,ocds-b5fd17-accfe62c-bd15-4fe2-b8a6-e9cf3b2eb613,Mobisoft Travel Centre Transport Planning System 2026-2029,West Sussex County Council,award,complete,237932.26,GBP,2026-08-18T12:00:00+01:00,CPV,72260000,Software-related services,award_notice,True
30574464-a9f7-43c3-b839-c1c2805c5eff-915945,ocds-b5fd17-e62cd65b-a882-4516-a22b-0502bebefdc8,Taxi and MPV (1-8 seats) - Taxi and MPV (1-8 seats),East Sussex County Council,tender,active,,,2026-10-05T10:00:00+01:00,CPV,60000000,Transport services (excl. Waste transport),review_needed,False
9f0888b9-f7d6-4652-bfe0-a1bf5b7524f6-915943,ocds-b5fd17-2cdc927a-7eb6-45a7-8a1c-506468289da9,South East - FRAM lot 9c - Client Support Services - Competitive Tender - AECOM,Defra,award,complete,719342.02,GBP,2026-06-04T17:00:00+01:00,CPV,72224000,Project management consultancy services,award_notice,True
d40b2a37-22a9-4759-83b2-624e7c20d3ec-915941,ocds-b5fd17-5e1d8e1d-fec9-4bfc-bf72-16d656480332,"QBE106 2026-09-29 0900 Sudbury- The Albany Academy, Bury St Edmunds (4 seats)  - AWARD",Suffolk County Council Passenger Transport,award,complete,,,2026-09-29T09:00:00+01:00,CPV,60000000,Transport services (excl. Waste transport),award_notice,False
5b162d13-d29b-4ede-a92f-b443afbb7290-915939,ocds-b5fd17-00d5b3d2-3f10-4cae-b732-6036c6cfe8fe,Vehicle and plant breakdown and recovery service,Southampton City Council,award,complete,100000,GBP,2024-09-20T12:00:00+01:00,CPV,50118000,Automobile emergency road services,award_notice,False
fbcbde9b-eaad-404a-975a-000e0dbc849d-915940,ocds-b5fd17-d595e444-bf8b-4d32-b46d-1485c6653353,Internal Print Procurement - AWARD,University of Brighton,award,complete,,,2025-05-23T13:00:00+01:00,CPV,30121000,Photocopying and thermocopying equipment,award_notice,False
bbb63304-26eb-41f1-8eec-f7a02abf2271-915938,ocds-b5fd17-d39acf7f-e650-4d5c-91ea-0422d4a21dd2,For the provision of Network Services (Radio equipment),West Sussex County Council,award,complete,424572.12,GBP,2026-09-16T12:00:00+01:00,CPV,32500000,Telecommunications equipment and supplies,award_notice,False
cf1e6183-6f7c-4ead-ba7e-8f3f03cff77c-915937,ocds-b5fd17-4f024fad-f51c-40f6-b8a7-065cc0092f05,Architectural Services,Financial Conduct Authority,award,complete,9000000,GBP,2026-06-01T17:00:00+01:00,CPV,72000000,"IT services: consulting, software development, Internet and support",award_notice,True
10779c59-2965-4dac-9389-5da07606628c-915935,ocds-b5fd17-a8f0f4cb-14b7-477c-9e2f-7f088acee45e,CS-FS-004-24,Southampton City Council,award,complete,100000,GBP,2024-10-16T12:00:00+01:00,CPV,90500000,Refuse and waste related services,award_notice,False
24b3bb24-f5c2-4d9e-9d68-d9af3b798754-915934,ocds-b5fd17-5a86001c-2d14-47ff-81e9-baf08e17a30b,IAPTUS Clinical Information System,Sussex and Partnership NHS Foundation Trust,award,complete,192480,GBP,2026-07-13T12:00:00+01:00,CPV,33195000,Patient-monitoring system,award_notice,False
a151ad0e-3006-4a5f-baca-b39e9da9ba3f-915933,ocds-b5fd17-d26e8bc8-1e30-440f-87aa-186b13f3d0c2,37339 - DOVELANDS,Leicester City Council,award,complete,30397,GBP,2026-09-30T09:00:00+01:00,CPV,60120000,Taxi services,award_notice,False
a6d6c290-bcd9-42b5-91cf-d8b978c9ecc7-915923,ocds-b5fd17-f38f15c8-8038-485f-8882-59bc0fa910b2,DDaT26444 - Software licenses,UK SHARED BUSINESS SERVICES LIMITED,award,complete,91133.55,GBP,2026-09-01T11:00:00+01:00,CPV,48000000,Software package and information systems,award_notice,True
1486106f-a5b3-4513-8034-87f7a247270f-915931,ocds-b5fd17-a38d8117-9cdc-4de2-834e-ab8e5d774bbe,ID: 37316 - OAKLANDS SCHOOL,Leicester City Council,award,complete,58500,GBP,2026-09-30T09:00:00+01:00,CPV,60120000,Taxi services,award_notice,False
f80d3a3f-9c3d-41a5-a46a-eca5e4cae3a8-915930,ocds-b5fd17-1ee162ab-1274-4d8e-b15a-186dc8499ce5,AT1506 - Data Security Platform,Luton Council,award,complete,357535.2,GBP,2026-09-10T23:59:00+01:00,CPV,48000000,Software package and information systems,award_notice,True
7e5082c5-42a2-4a5f-a1ce-43bae11b5753-915929,ocds-b5fd17-fe27a7bd-650f-4bb0-82e3-832935cffd52,Supply of Forklift Repair & Maintenance,Southampton City Council,award,complete,100000,GBP,2024-10-01T12:00:00+01:00,CPV,50100000,"Repair, maintenance and associated services of vehicles and related equipment",award_notice,False
cc070fe8-e288-4338-a780-2098119f79be-915925,ocds-b5fd17-8d70e1f9-c014-41d4-ba06-c2957be787be,MicroStrategy On Premise to SaaS Upgrade Software Subscription - Extension 2 of 2,STUDENT LOANS COMPANY LIMITED,award,complete,292891.66,GBP,2026-08-24T11:00:00+01:00,CPV,72222300,Information technology services,award_notice,True
fd11fdde-afed-45fe-9237-e76ba13ecb68-915928,ocds-b5fd17-ca06438d-1bad-4e56-b023-9d71bd778dfd,"ENHT - Hardware - Docks, Monitors & Laptops",East and North Hertfordshire Teaching NHS Trust,award,complete,58000,GBP,2026-08-17T12:00:00+01:00,CPV,30200000,Computer equipment and supplies,award_notice,True
5ccd544f-2559-43e6-b0e6-d78d747d6575-915927,ocds-b5fd17-954fe8b9-54f6-47f1-806e-1b23bbd7b08c,"QBE072 2026-09-29 0900 Newmarket- Newmarket- The Albany Academy, Bury St Edmunds (4 seats) - AWARD",Suffolk County Council Passenger Transport,award,complete,,,2026-09-29T09:00:00+01:00,CPV,60000000,Transport services (excl. Waste transport),award_notice,False
64275dde-11e2-470a-b20f-47795680ca50-915926,ocds-b5fd17-c4bdc633-8659-4141-a175-5e6615079bbe,Professional Services to Support the Timms Review - Awarded Contract,Department for Work and Pensions,award,complete,1000000,GBP,2025-12-18T12:00:00Z,CPV,98111000,Services furnished by business organisations,award_notice,False
e608ea95-4c35-42f3-a32f-b4b3342054ad-915921,ocds-b5fd17-9eba9b60-5702-4b4c-b3e8-de5187ad382f,Supply Of Driver CPC Training,Southampton City Council,award,complete,125000,GBP,2024-10-24T12:00:00+01:00,CPV,80411000,Driving-school services,award_notice,False
88bce75b-0ee1-4009-be34-fb134d534c79-915924,ocds-b5fd17-6371b614-823a-4708-84bb-a0206b144e5b,"QBE105 09:00 2026-09-29 Rendlesham to Abbey Gardens School, Bury St Edmunds - 4-seater vehicle required - AWARD",Suffolk County Council Passenger Transport,award,complete,,,2026-09-29T09:00:00+01:00,CPV,60000000,Transport services (excl. Waste transport),award_notice,False
19e69fda-cf19-46ba-862d-32c50a22ff06-915922,ocds-b5fd17-d8cb8124-fa90-4349-81c3-9937ddf471e1,37347 - LEICESTER PARTNERSHIP SCHOOL,Leicester City Council,award,complete,25623,GBP,2026-09-30T09:00:00+01:00,CPV,60120000,Taxi services,award_notice,False
dd76ba1d-3271-491f-8e2c-058fe4e1fbe6-912276,ocds-b5fd17-07f6d497-a0e3-4ad9-9269-d64cef5cbdfc,Provision of source to contract solution,National Oceanography Centre,award,complete,321975.63,GBP,2026-06-30T12:00:00+01:00,CPV,48490000,Procurement software package,award_notice,True
13fde2e7-9deb-4968-b10f-4a7909d674e0-915920,ocds-b5fd17-ce148ae0-d8d5-455d-8aff-92da980211bd,Gallium Generator replacement,The Christie NHS Foundation Trust,award,complete,90500,GBP,2026-02-28T12:00:00Z,CPV,31122000,Generator units,award_notice,False
bd6f6ea3-04bd-4c7b-8faa-6f6fdb0bad57-915909,ocds-b5fd17-8dad35aa-7fe5-46b6-8304-34f9a9713fed,Balfour Beatty - Roads North of the Thames - LTC - FRC Structures Package,BALFOUR BEATTY CIVIL ENGINEERING LIMITED,tender,active,1000000,GBP,2026-10-14T17:00:00+01:00,CPV,45221100,Construction work for bridges,potential_opportunity,False
22c21817-d510-47f6-98dd-087208bbcaac-915919,ocds-b5fd17-1e491929-ad88-4f8c-a637-1bacae4aebb6,PLACE089BX-H Mini Competition for Road Schemes,Derbyshire County Council,award,complete,890875.64,GBP,2026-07-15T11:00:00+01:00,CPV,45233000,"Construction, foundation and surface works for highways, roads",award_notice,False
b1530562-280d-403a-bfe2-707bd9bfeeaf-915918,ocds-b5fd17-f932fb3b-fdb6-4538-9df0-c4ee8692f90c,FY26/27 Building Histories & Facility Dossiers,Sellafield,award,complete,205724.16,GBP,2026-09-24T12:00:00+01:00,CPV,71300000,Engineering services,award_notice,False
40bef55f-bb2f-4c0c-bae6-e9f4a2173d76-915917,ocds-b5fd17-5615237d-dc41-4b1d-ac3d-e8e2f21df64e,S30146 A38 Saltash Tunnel - Technical Support - Extension,National Highways Limited,award,complete,424591.12,GBP,2026-09-17T19:00:00+01:00,CPV,73220000,Development consultancy services,award_notice,False
ab442971-6360-472d-b8db-2e797b7d8a2c-915916,ocds-b5fd17-1441b0b4-ef16-4da2-aad9-df9ae91354c7,City of London Housing Lift Maintenance Contract - SEC Mini - Competition,The Mayor and Commonalty and Citizens of the City of London,award,complete,1229066,GBP,2025-07-30T12:00:00+01:00,CPV,50750000,Lift-maintenance services,award_notice,False
22f4207b-822c-43b8-be2d-6ac6d31d5a9f-915915,ocds-b5fd17-290c7a6a-a477-4be1-88af-bc3b85a97191,Clinical Coding Software,East Sussex Healthcare NHS Trust,award,complete,566318,GBP,2026-09-23T12:00:00+01:00,CPV,48180000,Medical software package,award_notice,True
053aef40-cc11-4347-a65a-7c6dabd49447-915914,ocds-b5fd17-8492f88b-abb1-4e1e-8b6c-ef3b89663d37,CBC-2127-Q-DS Quantity Surveying Service for Housing Delivery - AWARD,Central Bedfordshire Council,award,complete,,,2026-09-18T12:00:00+01:00,CPV,71324000,Quantity surveying services,award_notice,False
2194a545-f4f3-4a65-aaef-9beebf8e3ecb-915913,ocds-b5fd17-17c789bd-db33-443d-99da-32b3c0f06199,S30144 Geotechnical asset performance monitoring and reporting,National Highways Limited,award,complete,300000,GBP,2026-08-14T19:00:00+01:00,CPV,73220000,Development consultancy services,award_notice,False
b8843854-0c74-44cd-b72c-d8088fe6bcfd-915912,ocds-b5fd17-4ea73137-9b61-40b2-99a4-eb0897aa4ca8,Civica Property Management database,The Royal Borough of Kingston upon Thames,award,complete,96346,GBP,2026-08-31T23:59:00+01:00,CPV,48100000,Industry specific software package,award_notice,True
590fd7d9-81d4-4b33-8dbb-21beb14a4ca5-915911,ocds-b5fd17-2dfb4d38-e75b-4b6b-bb8c-5525b191be58,Transport Manager(TM) CPC Training and Operators Licence Awareness Training,Southampton City Council,award,complete,150000,GBP,2024-10-24T12:00:00+01:00,CPV,80521000,Training programme services,award_notice,False
4fb68b80-e542-4fc9-976a-095080569d0d-915910,ocds-b5fd17-75063437-b203-45f9-84ea-43fefcf95456,37346 - HOMEFIELD COLLEGE,Leicester City Council,award,complete,39780,GBP,2026-09-30T09:00:00+01:00,CPV,60120000,Taxi services,award_notice,False
249fec37-0c08-4ffe-a80a-dcbd25e6c74f-915908,ocds-b5fd17-17e5c4c0-9c32-44c2-8765-01d15bf800aa,Supply Of LGV Training and assessment,Southampton City Council,award,complete,125000,GBP,2024-10-24T12:00:00+01:00,CPV,80500000,Training services,award_notice,False
e27bfc43-1254-4c95-bd90-d370b2e8e75b-915907,ocds-b5fd17-5c1fa398-c53d-48c9-a0c6-b62fbc62bef1,Brookfields Accessibility Project Further Competition - AWARD,West Berkshire Council,award,complete,,,2026-06-18T11:00:00+01:00,CPV,45214230,Special school construction work,award_notice,False
8e4d99e7-dc45-4a58-92b1-72b405c60482-915905,ocds-b5fd17-6bd82054-18f6-4ba4-ac0d-89496d77103c,Cornwall College Group Print & Signage FE Prospectus Print and Distribution,Cornwall College,planning,planned,410000,GBP,,CPV,22000000,Printed matter and related products,unknown,False
7ec4e23c-ac39-43e5-9aab-03acdc393960-915906,ocds-b5fd17-d0061974-81e9-411b-8d11-f1393e18bb76,LongArm Software (Licences),Ministry of Justice,award,complete,67063.04,GBP,2026-08-18T23:59:00+01:00,CPV,72260000,Software-related services,award_notice,True
34e84df8-468a-421a-9f7b-8ff52cc32412-915904,ocds-b5fd17-6b80b202-54bc-4c39-9ebb-640f4872b31b,PLACE089CA-H  Mini Competition for Road Resurfacing Scheme,Derbyshire County Council,award,complete,200754.37,GBP,2026-09-04T09:00:00+01:00,CPV,45233000,"Construction, foundation and surface works for highways, roads",award_notice,False
8e4d99e7-dc45-4a58-92b1-72b405c60482-915902,ocds-b5fd17-6bd82054-18f6-4ba4-ac0d-89496d77103c,Cornwall College Group Print & Signage FE Prospectus Print and Distribution,Cornwall College,planning,planned,410000,GBP,,CPV,22000000,Printed matter and related products,unknown,False
5b47cdba-165f-471d-a1a9-2f2bc2be9175-915903,ocds-b5fd17-25f27c12-7c86-42be-ae7c-c6631572ea81,"QBH002, 0900 2026-09-29, Lowestoft - Kinda Forest School, Holton (4 seats and passenger assistant) - AWARD",Suffolk County Council Passenger Transport,award,complete,,,2026-09-29T09:00:00+01:00,CPV,60000000,Transport services (excl. Waste transport),award_notice,False
5855486d-53ee-4aa5-b850-1c74876b8c19-915901,ocds-b5fd17-01c54e21-862d-449a-bb06-b37c05906ebc,Vehicle CCTV Camera Repairs & Maintenance,Southampton City Council,award,complete,75000,GBP,2024-10-25T12:00:00+01:00,CPV,50343000,Repair and maintenance services of video equipment,award_notice,False
